"X-axis","Y-axis","Link"
-1.78778380691074,19.9448276902549,0
-1.39956700452603,20.8168170007411,0
-1.01060760032851,21.6882805970963,0
-0.610250647878274,22.5516760081518,0
-0.209346660994925,23.4146693334915,0
0.201191636384465,24.2705818964168,0
0.611756355501711,25.1264743767679,0
1.03105106111616,25.9757448465098,0
1.4503456838429,26.8250153376721,0
1.87685511575546,27.6686615331564,0
2.30386960727628,28.5119139654562,0
2.73698786832392,29.3502912346739,0
3.17098594189156,30.1879657467362,0
3.61048856412526,31.0211449910421,0
4.05098475946579,31.8535127996001,0
4.49697409674991,32.6812997327652,0
4.94371515628882,33.50845973799,0
5.39667667646427,34.3303250144236,0
5.85113210056443,35.1508920702618,0
6.3106367852306,35.9670704128221,0
6.76610659994185,36.7867540719453,0
7.21880136104301,37.608848558506,0
7.66525003570132,38.4362190680113,0
8.10760137299076,39.2670505435672,0
8.54995262459852,40.0978820458986,0
8.98797623126302,40.9322783451062,0
9.42538705456536,41.7671793708578,0
9.86279779055622,42.6020804198924,0
10.2985853092978,43.4383017783985,0
10.7332742767176,44.2754166710656,0
11.1679631592706,45.1125315865502,0
11.6026519573061,45.9496465229895,0
12.0358840911649,46.7879380302038,0
12.4690442308784,47.6262876426335,0
12.9022042884026,48.4646372762509,0
13.3352676505456,49.3030646778643,0
13.767704469501,50.1419962490909,0
14.2001412040554,50.9809278438333,0
14.6325778518803,51.8198594606947,0
15.0650075779995,52.6587965949439,0
15.4974231012166,53.4977451008745,0
15.9298385399161,54.3366936286911,0
16.3622538943309,55.1756421779282,0
16.7952504182467,56.0141229480505,0
17.2284739483148,56.8524209777825,0
17.6616973938653,57.690719028702,0
18.0960065049585,58.528138972586,0
18.5314019318903,59.3646802909207,0
18.9667972762836,60.2012216271833,0
19.4068384470884,61.03395819664,0
19.8476571447682,61.8660579598509,0
20.2950550748501,62.6926608567592,0
20.7427914494183,63.5189789955039,0
21.1912176039768,64.3447135600727,0
21.6396436743671,65.1704481486231,0
22.0885081256274,65.9958109972067,0
22.5374292170163,66.8211257732473,0
22.9864012164762,67.6463972791098,0
23.4356679177145,68.4714185234625,0
23.8849345325725,69.2964397913311,0
24.3342430070043,70.1214254316874,0
24.7837934716372,70.9462053540628,0
25.2333438497735,71.7709852994885,0
25.682903812849,72.5957570415922,0
26.1327245265711,73.4203069177456,0
26.5825451537967,74.2448568171822,0
27.0323656944092,75.0694067399018,0
27.482473123353,75.8937123366632,0
27.9325920048868,76.7180081296246,0
28.3827393492684,77.5422796113417,0
28.8332432425814,78.366247107042,0
29.2837470469531,79.1902146304492,0
29.7345639312407,80.0139147927985,0
30.1856654830044,80.8373718534131,0
30.6373259624233,81.6603502272628,0
31.0736425478244,82.1917280403432,1
31.5166522500804,83.0220096562989,1
31.9596618666546,83.8522912957706,1
32.3991206856444,84.6855087669101,1
32.8381409159629,85.5190888287034,1
33.277161058737,86.3526689109858,1
33.7157746577868,87.1865821566898,1
34.1534566704649,88.0212588908617,1
34.5911386002554,88.8559356471524,1
35.0288204426179,89.6906124267261,1
35.4665022023255,90.5252892298158,1
35.9038279798115,91.3602568297647,1
36.34093077539,92.1954065710306,1
36.7780334836571,93.0305563327856,1
37.2151361068245,93.8657061178237,1
37.6522386451252,94.7008559263777,1
38.0892979324562,95.5360409771092,1
38.5261813674588,96.3713694736362,1
38.9630647151498,97.2066979915835,1
39.3999479778577,98.0420265318826,1
39.8368311579106,98.8773550956976,1
40.2737142506521,99.7126836820971,1
40.7106107521104,100.548001283547,1
41.1475254689576,101.383303982206,1
41.5844401008217,102.218606701819,1
42.0213546475861,103.053909443552,1
42.4582691094838,103.889212207869,1
42.8951834863983,104.72451499477,1
43.3322933573509,105.559658185346,1
43.7694992944598,106.39472292643,1
44.2067051441409,107.229787689634,1
44.643910911167,108.064852475422,1
45.08111659321,108.899917284725,1
45.5185351208784,109.734808051959,1
45.9564297383186,110.569309592014,1
46.3943242683308,111.403811152093,1
46.8322187155718,112.238312735455,1
47.2701130753849,113.0728143421,1
47.7091303988127,113.906394505175,1
48.14859759924,114.739605492214,1
48.588064712123,115.572816502536,1
49.028803518042,116.404972850811,1
49.47317985259,117.234112542821,1
49.8314515894745,117.821315678069,2
50.3021952628624,118.627422959544,2
50.7933512469754,119.414032627828,2
51.3412963391747,120.139259670395,2
51.9251305320067,120.819970417302,2
52.5226080218563,121.481759922579,2
53.1258803713135,122.135432404699,2
53.7312854784541,122.786006435519,2
54.3444014640991,123.425067885546,2
54.996576941805,123.99824081338,2
55.7094377420144,124.445887884125,2
56.434050454176,124.863511427306,2
57.1606011496624,125.275818491587,2
57.9107014229521,125.611483987886,2
58.6919878603658,125.808335946407,2
59.4819704805268,125.937708028825,2
60.2785614978056,125.957185331499,2
61.0742212235928,125.919511248358,2
61.8640875222627,125.792474189075,2
62.6506215287373,125.636855400167,2
63.4253299888223,125.408095718361,2
64.1801289280411,125.094161528861,2
64.9241068478441,124.740723903058,2
65.6658112480072,124.379760296317,2
66.406227086205,124.014730132185,2
67.145744417212,123.646864342969,2
67.8852618121309,123.278998620342,2
68.6239531493047,122.908568920102,2
69.3622616184875,122.536950779613,2
70.1005701498361,122.165332705015,2
70.8386841575848,121.793116831686,2
71.5760863863397,121.418713945663,2
72.313488679938,121.044311126461,2
73.0508910384961,120.669908371521,2
73.7879152627429,120.294353327947,2
74.5244600725127,119.917337397579,2
75.2610049475916,119.540321531706,2
75.9975498900749,119.163305731723,2
76.7334779681405,118.78442639485,2
77.4690275563626,118.404403578956,2
78.2045772103593,118.024380830349,2
78.9401148188626,117.644321960164,2
79.6742533716606,117.260083039757,2
80.4083919930272,116.875844185939,2
81.1425306807505,116.491605394986,2
81.8744702113327,116.100911294809,2
82.6060668937862,115.709210694069,2
83.3345668591792,115.30877927714,2
84.0592326537007,114.897537904093,2
84.7839009045856,114.486303125741,2
85.508569223457,114.075068410952,2
86.2358450707979,113.671082115499,2
86.9640739456518,113.269744967809,2
87.692302889307,112.868407885311,2
88.4205319017638,112.467070867075,2
89.1487771029351,112.065779562108,2
89.8779807600658,111.667202635668,2
90.6071844855324,111.268625776516,2
91.3363882794511,110.870048980461,2
92.0655921417056,110.471472247969,2
92.7947960747406,110.07289558067,2
93.5240000738995,109.674318977166,2
94.2534169808496,109.276348873274,2
94.9830786287785,108.879075976787,2
95.7127403494669,108.481803144794,2
96.4424021361629,108.084530378692,2
97.1720639887499,107.687257675687,2
97.9017259140965,107.28998503834,2
98.6313879054505,106.892712463392,2
99.3610499628121,106.495439955033,2
100.090894465684,106.09868874005,2
100.82082473347,105.702182521811,2
101.550755069358,105.305676367832,2
102.280685475678,104.909170279745,2
103.010615947773,104.512664256152,2
103.74054648797,104.116158294724,2
104.470477098599,103.719652399188,2
105.200407775119,103.323146568844,2
105.930385774002,102.926776106237,2
106.660495676217,102.530783227645,2
107.390605648863,102.134790412616,2
108.12071568938,101.738797662314,2
108.850825798116,101.342804976972,2
109.580935974838,100.946812356822,2
110.311046217335,100.550819799071,2
111.041156530147,100.154827308608,2
111.771266910946,99.758834881708,2
112.501485699089,99.3631531598512,2
113.231728691957,98.9675407148898,2
113.961971755023,98.5719283327926,2
114.692214886076,98.1763160168193,2
115.422458085115,97.7807037665043,2
116.152701349929,97.3850915799849,2
116.882944684941,96.9894794579595,2
117.613188085728,96.5938674011268,2
118.343535227352,96.1985529670492,2
119.073888566345,95.803256195737,2
119.804241973441,95.4079594896175,2
120.534595448407,95.0126628484577,2
121.26494899136,94.6173662727233,2
121.995302602183,94.2220697612502,2
122.725683543482,93.826851638034,2
123.456148590194,93.4318750184029,2
124.186613704893,93.036898461869,2
124.917078887578,92.6419219726231,2
125.647544138017,92.246945544146,2
126.378072275314,91.8521499026101,2
127.108732663095,91.4577345799189,2
127.839393121074,91.0633193217218,2
128.576691013295,90.68876139028,2
129.320423146593,90.3347484709229,2
130.069633242791,89.9986880577635,2
130.823886372847,89.6807175378781,2
131.579161047237,89.36641130317,2
132.338666138006,89.0683284292463,2
133.098256308236,88.7705716923811,2
133.861209928407,88.4864542409778,2
134.624278511037,88.2028028462082,2
135.390027333051,87.9306001288351,2
136.156214316143,87.6602689055726,2
136.9246344805,87.4000024439301,2
137.693897690275,87.1435354407877,2
138.465263096849,86.8971429928206,2
139.237840228016,86.656557566952,2
140.012946401024,86.4290835233405,2
140.78939854051,86.2085873493925,2
141.56999676337,86.0122038256377,2
142.353373361286,85.8348519450519,2
143.14175580116,85.6936683806125,2
143.932923957589,85.5803138455376,2
144.725465172553,85.4806760053616,2
145.519362793304,85.3998524707276,2
146.313858072157,85.3273188634776,2
147.108831032412,85.263809955446,2
147.904398682178,85.2115363725461,2
148.699971505557,85.1593990870751,2
149.496182193048,85.1240749990102,2
150.292392883333,85.0887509887107,2
151.088785616448,85.0607657136861,2
151.885386352078,85.0411660005338,2
152.681987092132,85.0215663625859,2
153.478763580439,85.0165914229583,2
154.275558207417,85.0131259059999,2
155.072339152219,85.0172187779099,2
155.869100584416,85.032087340951,2
156.665832375642,85.048559126677,2
157.462164583965,85.0866451745387,2
158.258496785536,85.1247313001659,2
159.05350931827,85.1948317051865,2
159.847128000343,85.2811509084422,2
160.634347610758,85.4387401272543,2
161.420555896824,85.6036336992402,2
162.203420651029,85.792676538229,2
162.986285368563,85.9817194510251,2
163.765915021184,86.1908216332085,2
164.545154206688,86.4023447700311,2
165.323550412315,86.6185778328218,2
166.099438260077,86.8488259513397,2
166.875326063833,87.0790741385426,2
167.649810673203,87.3165251826867,2
168.422263265937,87.5644069821574,2
169.194715809543,87.8122888521757,2
169.965375823085,88.0686769785825,2
170.733947239351,88.3349763178267,2
171.502518605674,88.601275725523,2
172.268633532571,88.8783278376795,2
173.032391231274,89.1656983559951,2
173.796148874331,89.4530689439271,2
174.555624351371,89.7575605220627,2
175.312815325335,90.0711859299336,2
176.070006241556,90.3848114050925,2
176.817371459096,90.7336177704856,2
177.564585897839,91.0829638498835,2
178.301270247437,91.4648718992248,2
179.03107732872,91.8680463149212,2
179.745129475254,92.3118886323646,2
180.448914298788,92.7822337285616,2
181.141518200049,93.2774896915071,2
181.827659594012,93.7871439314913,2
182.509489573422,94.3055989937857,2
183.182818485773,94.8414072529413,2
183.856147312094,95.3772155658808,2
184.521349696792,95.9286437651608,2
185.184560837108,96.4838992611039,2
185.846688116901,97.0411434900016,2
186.501224007458,97.61231750343,2
187.155759806861,98.1834915680811,2
187.807101632585,98.7602988050785,2
188.453522789758,99.3457846143283,2
189.099943859153,99.931270473171,2
189.740495526814,100.526728349738,2
190.378549736924,101.126429304946,2
191.015240560402,101.728357033106,2
191.643632213818,102.343840040732,2
192.272023773054,102.959323094226,2
192.890111991437,103.590858880896,2
193.505700636306,104.226288952166,2
194.105349501479,104.884960188298,2
194.693602647749,105.559141775128,2
195.248065119027,106.277273259824,2
195.783437373932,107.01717585139,2
196.304504487198,107.77339247358,2
196.812272400246,108.543398142094,2
197.310601853998,109.323189894203,2
197.803531380836,110.108214774402,2
198.283905279124,110.905407520477,2
198.764279083232,111.702600295655,2
199.231637406512,112.511720245937,2
199.695943054394,113.323637578869,2
200.156963169109,114.138411142863,2
200.605186091736,114.964309920557,2
201.053408928099,115.790208722698,2
201.491357551655,116.624555708142,2
201.921718717553,117.465141625609,2
202.351767149637,118.305968316505,2
202.760184458457,119.16345170117,2
203.168601683923,120.020935105858,2
203.558678359026,120.891368247569,2
203.937137000496,121.770004533697,2
204.294380823267,122.661777129164,2
204.626562508172,123.569068317069,2
204.924298744299,124.494090732886,2
205.202581545571,125.429127039854,2
205.460193478619,126.373202376766,2
205.71240490966,127.319639256224,2
205.9549403009,128.269923089072,2
206.190227975021,129.223088431871,2
206.424561247579,130.176607947331,2
206.647415451473,131.134387394646,2
206.870269607636,132.092166848248,2
207.088964453316,133.051406467799,2
207.301671830355,134.012748046778,2
207.514379161759,134.974089634139,2
207.720905723749,135.937496283092,2
207.924437947222,136.901903368067,2
208.127970124711,137.866310459562,2
208.322514336556,138.83357663569,2
208.516786136664,139.800929456949,2
208.706786573166,140.769568089163,2
208.89047099778,141.740108035505,2
209.073103467934,142.71094259317,2
209.242741202703,143.685416564811,2
209.410398213193,144.660384252202,2
209.557390595437,145.64050289942,2
209.624535335228,146.088211954338,3
209.742376956856,147.074346599169,3
209.856983237201,148.061066330643,3
209.968921756488,149.048254875001,3
210.079172178055,150.035731013399,3
210.187670922372,151.023505576188,3
210.294192354777,152.011604895117,3
210.398541105445,153.000061052619,3
210.501568421954,153.988724150928,3
210.600582156796,154.978015785571,3
210.699595869402,155.967307421379,3
210.791867037653,156.957586765056,3
210.883623250062,157.947941543534,3
210.968569631688,158.939196791267,3
211.049768568948,159.930947567802,3
211.122198881814,160.923666274175,3
211.186533797299,161.917278598296,3
211.229663917446,162.912423282163,3
211.25475886208,163.90846896288,3
211.254800478229,164.905057252152,3
211.249986391282,165.901602384401,3
211.24407920579,166.898137484677,3
211.235279239248,167.894626801368,3
211.226479278179,168.89111611573,3
211.216348868329,169.88757978077,3
211.206085422309,170.884040878154,3
211.195507558295,171.880495423917,3
211.184713243041,172.876945456257,3
211.173950895667,173.873396166367,3
211.163363620872,174.869850572199,3
211.152776351897,175.866304979892,3
211.142831745674,176.86277237325,3
211.133183174534,177.859245747793,3
211.124034774257,178.855728141032,3
211.116223110352,179.852234629449,3
211.108432265813,180.848741411697,3
211.103792626411,181.845292607555,3
211.09915298922,182.841843804112,3
211.099942703731,183.83843431389,3
211.100020473707,184.835021295119,3
211.09784270823,185.831596306991,3
211.093941101688,186.828148482135,3
211.084745606524,187.82463053125,3
211.075550116948,188.821112581063,3
211.06516805198,189.817569097038,3
211.052450978081,190.813975364203,3
211.039733913029,191.810381635092,3
211.027016851935,192.806787905982,3
211.012523822486,193.803147798171,3
210.997476672288,194.79949322273,3
210.98242952663,195.795838648686,3
210.967382390285,196.792184076272,3
210.950953959604,197.788488875609,3
210.934035083046,198.78477925132,3
210.917116211611,199.781069627032,3
210.900197347626,200.777360003442,3
210.882425834774,201.773622863926,3
210.863733990118,202.76985601685,3
210.845042151166,203.766089173965,3
210.82635032211,204.762322333176,3
210.80725187331,205.758541175863,3
210.786601743079,206.754705388099,3
210.765951621113,207.750869604526,3
210.74530150753,208.747033820255,3
210.724311468191,209.7431848743,3
210.701139220502,210.739251417341,3
210.677966979332,211.735317961313,3
210.654794747126,212.731384508079,3
210.62977311993,213.727370154811,3
210.602739455877,214.723267787835,3
210.575705803814,215.719165422954,3
210.54523479729,216.714881912107,3
210.510674754973,217.710382913938,3
210.477379080607,218.705953615019,3
210.447262148955,219.70169954258,3
210.417145230225,220.69744547247,3
210.388313862262,221.693251412362,3
210.36449361383,222.689291260904,3
210.340673374478,223.685331110377,3
210.31685314409,224.681370962644,3
210.293032922898,225.67741081561,3
210.269212710555,226.673450670671,3
210.246823938331,227.669547994388,3
210.225017979974,228.665668713395,3
210.203212030348,229.661789435893,3
210.181406091433,230.657910160022,3
210.15960015892,231.654030884616,3
210.137794234906,232.650151611539,3
210.115988321719,233.646272341255,3
210.094539661543,234.642406598665,3
210.073624062235,235.638561038766,3
210.052708473639,236.634715482593,3
210.031792891095,237.630869926419,3
210.010877319146,238.62702437304,3
209.989961755462,239.623178821523,3
209.969046198064,240.619333270239,3
209.948130651144,241.61548772268,3
209.927215112606,242.611642174888,3
209.906639977475,243.607809174806,3
209.886114231194,244.603977998253,3
209.865588495508,245.600146820303,3
209.845062765758,246.596315646544,3
209.824537044275,247.592484473018,3
209.804011333385,248.588653302751,3
209.783485628432,249.584822131786,3
209.762959931744,250.580990964547,3
209.742434245534,251.577159797773,3
209.721957144327,252.573330406565,3
209.70149855921,253.569501691265,3
209.681039980031,254.565672977595,3
209.660581411328,255.56184426602,3
209.640122848679,256.558015557239,3
209.619664296508,257.554186848458,3
209.599205750274,258.550358141772,3
209.578747214633,259.546529436018,3
209.55828868493,260.542700732825,3
209.537698484608,261.538867208175,3
209.517001036438,262.535029754974,3
209.496303596534,263.531192303635,3
209.475606167107,264.527354853228,3
209.454908743734,265.523517404217,3
209.434211328858,266.519679958001,3
209.413513924344,267.515842513181,3
209.392816525884,268.512005069759,3
209.372119138134,269.508167628665,3
209.350780923152,270.504306253046,3
209.329410105594,271.500443660887,3
209.308039296535,272.496581069659,3
209.286668495857,273.492718480993,3
209.265297703678,274.488855895353,3
209.243926919997,275.48499331018,3
209.222556144698,276.481130725937,3
209.200353669235,277.477235598722,3
209.177392198937,278.473310775356,3
209.154430739582,279.469385953387,3
209.13146928919,280.465461132117,3
209.108507847646,281.46153631364,3
209.085546412622,282.45761149656,3
209.05840369442,283.453501908109,3
209.030593210598,284.449362811167,3
209.002782736672,285.44522371632,3
208.972358965315,286.440949707059,3
208.939940563869,287.436572723556,3
208.907522175694,288.432195740752,3
208.877083794447,289.427923636278,3
208.847569198115,290.423700459069,3
208.818054614589,291.419477286749,3
208.788540039095,292.415254116058,3
208.759212387027,293.411040225765,3
208.731023509637,294.406882863492,3
208.702834644588,295.402725504944,3
208.67464578955,296.398568147095,3
208.646456942428,297.394410790643,3
208.61826810753,298.390253435588,3
208.590415446204,299.386112185894,3
208.563119760132,300.38199761021,3
208.535824081628,301.377883037319,3
208.508528413135,302.373768467223,3
208.481232756632,303.369653898757,3
208.453937107814,304.365539330756,3
208.426641470985,305.361424765084,3
208.399982506875,306.357339857845,3
208.37346333242,307.353261466138,3
208.34694416984,308.349183074431,3
208.32042501471,309.345104683656,3
208.293905869359,310.341026296141,3
208.267386735766,311.336947910022,3
208.24086760974,312.332869524136,3
208.215094168554,313.328824937809,3
208.189400238451,314.324783955933,3
208.163706317777,315.32074297592,3
208.138012406649,316.316701998236,3
208.112318507163,317.312661021249,3
208.086624615011,318.308620046359,3
208.060992695042,319.304581789998,3
208.036343042622,320.300586612429,3
208.0116933994,321.296591435792,3
207.98704376549,322.292596260319,3
207.962394140661,323.288601087872,3
207.937744522933,324.284605915193,3
207.913094916614,325.28061074554,3
207.889577594819,326.276662901975,3
207.866502929595,327.272733560065,3
207.843428275432,328.268804219551,3
207.82035362802,329.264874881133,3
207.797278989339,330.260945545742,3
207.775141225313,331.257052012486,3
207.755046946229,332.253236575285,3
207.734952672967,333.249421140179,3
207.714858410181,334.245605705772,3
207.697174936533,335.24186030589,3
207.685770333279,336.238297301345,3
207.674820925924,337.194963693153,4
207.652370977099,338.191037765006,4
207.6376219925,339.187381138094,4
207.643525667023,340.183967672521,4
207.655256911879,341.180390332825,4
207.690666909213,342.176147125661,4
207.727303107618,343.171801681863,4
207.803320462583,344.16417271411,4
207.879337800667,345.156543748686,4
207.995589863625,346.142402238445,4
208.12932314584,347.125431150431,4
208.29392696789,348.099797967821,4
208.513593441108,349.058714526007,4
208.75490780687,350.007244960871,4
209.108116249205,350.902091456344,4
209.504771451815,351.758806038182,4
210.058930363855,352.477284470573,4
210.724331476493,352.972420042381,4
211.482978780172,353.280343698338,4
212.257889484521,353.075843517203,4
212.957830502652,352.671552282525,4
213.545322608203,352.000857684296,4
213.971554479329,351.171421631705,4
214.353684879607,350.298572904896,4
214.611327040941,349.35838483274,4
214.854673051857,348.410463535227,4
215.031926698401,347.440915424377,4
215.186260763789,346.463867538143,4
215.315505076316,345.481737405993,4
215.410457167309,344.492660954129,4
215.502287325333,343.503205567365,4
215.555777646601,342.509096549125,4
215.60926798603,341.514987533679,4
215.637236697949,340.519220812945,4
215.660892997403,339.523173988564,4
215.664928474813,338.526640166994,4
215.662340912619,337.530070060166,4
215.658816966694,337.119734769687,5
215.652568313759,336.123161489144,5
215.650918930187,335.126570638036,5
215.660144849215,334.13008895074,5
215.66937077383,333.133607264142,5
215.692735964665,332.137554402463,5
215.716637604637,331.141517810989,5
215.749529569759,330.145997064654,5
215.79316136986,329.151092546061,5
215.836793183582,328.156188030262,5
215.899992528837,327.16313889646,5
215.971346533042,326.170862982282,5
216.042700559716,325.178587073227,5
216.152026915806,324.192004447803,5
216.264888436068,323.205951858545,5
216.39675999363,322.224445646163,5
216.577686771983,321.254671332892,5
216.758613595157,320.284897023812,5
217.064662090968,319.366284192074,5
217.423492930015,318.491983040469,5
217.993494914961,317.798085495597,5
218.557061911444,317.096018611919,5
218.923151551513,316.231776544824,5
219.212213023915,315.304330577608,5
219.381350302487,314.332293257583,5
219.539900560747,313.356319362763,5
219.657985471305,312.372180410428,5
219.747701739427,311.382317262469,5
219.837418032112,310.392454116372,5
219.891042319941,309.398502320983,5
219.939586375491,308.403975015506,5
219.988130445825,307.409447712591,5
220.010935338214,306.413385215681,5
220.032800724148,305.417266684584,5
220.053913400625,304.421129627852,5
220.057894343161,303.424570955802,5
220.061875290005,302.428012283519,5
220.062390372273,301.431448150426,5
220.054913942935,300.434871415608,5
220.047437513014,299.438294681022,5
220.035516495816,298.441767369164,5
220.025028693955,297.445232260041,5
220.025207748869,296.448656043038,5
220.034483775264,295.452175356215,5
220.050211272202,294.455849404214,5
220.065985535504,293.459524576552,5
220.083390469314,292.463249793509,5
220.101206173771,291.466987620573,5
220.119021885912,290.470725447638,5
220.137641161447,289.47448985884,5
220.156459199847,288.478260845644,5
220.175277246162,287.482031835942,5
220.194237505668,286.485807707999,5
220.213654701365,285.489599274704,5
220.233071905095,284.493390842108,5
220.25248911907,283.497182410909,5
220.272043844801,282.500978811178,5
220.291863684426,281.504784526071,5
220.311683532316,280.50859024236,5
220.331503388123,279.512395959347,5
220.351426412119,278.51620535762,5
220.371540974593,277.520021591568,5
220.391655543004,276.523837824818,5
220.411770121893,275.527654062258,5
220.432001265697,274.531474506482,5
220.452349561499,273.535299177747,5
220.472697865567,272.539123853669,5
220.493051006808,271.542948707473,5
220.513605761342,270.546780905919,5
220.534160526469,269.550613107858,5
220.554751538904,268.554446642287,5
220.575533107505,267.558287187945,5
220.595753406058,266.562108713668,5
220.612631893251,265.565816998249,5
220.629510385566,264.569525286322,5
220.632406978752,263.573012703098,5
220.630149471923,262.576418701094,5
220.627891968004,261.579824699555,5
220.618148478214,260.583284421358,5
220.605759331491,259.586763125611,5
220.593370185234,258.590241834288,5
220.579191212426,257.593755381415,5
220.561282083625,256.59734153375,5
220.543372954009,255.600927685853,5
220.525463823462,254.604513839819,5
220.505903763231,253.608142614132,5
220.485428678221,252.611795012141,5
220.464953591814,251.615447407123,5
220.444478503894,250.619099809322,5
220.423837756971,249.622756845551,5
220.403168518213,248.626414680388,5
220.382499277941,247.630072518019,5
220.362079292769,246.633723782375,5
220.343657872407,245.637322349241,5
220.325236451114,244.640920916339,5
220.306815028773,243.644519484602,5
220.291544776992,242.648054125719,5
220.27861958975,241.65154119581,5
220.265694402857,240.655028267298,5
220.257160406793,239.658483282896,5
220.255280935555,238.661889720475,5
220.253401467111,237.665296162944,5
220.268956685322,236.669048867654,5
220.290632811841,235.672923139995,5
220.317258634022,234.67701271642,5
220.34547555109,233.681171504082,5
220.373692480614,232.685330294538,5
220.401490896009,231.689470780082,5
220.423466223292,230.693356606876,5
220.445441556862,229.697242432972,5
220.467416901374,228.701128261164,5
220.489392252173,227.705014091451,5
220.511367613799,226.708899923135,5
220.533342981827,225.712785755517,5
220.555318360683,224.716671590926,5
220.575783904293,223.720501060132,5
220.59585654235,222.724315862171,5
220.615929186228,221.728130667238,5
220.636001840583,220.731945472071,5
220.656074503087,219.735760279931,5
220.676147173741,218.739575088257,5
220.696219852543,217.743389898911,5
220.716292537283,216.747204710962,5
220.736365232384,215.751019523712,5
220.756437933422,214.754834339954,5
220.775684760069,213.758620192762,5
220.794778891839,212.762400693726,5
220.813873029198,211.766181194689,5
220.832967176684,210.769961699378,5
220.852061332203,209.773742203135,5
220.871155495639,208.777522708988,5
220.890249664662,207.781303217867,5
220.90934384393,206.785083727213,5
220.928438031115,205.788864238188,5
220.947532226215,204.792644751258,5
220.966626429232,203.796425266191,5
220.985637708567,202.80020298087,5
221.004075881559,201.803961333353,5
221.022514062352,200.807719688863,5
221.040952248732,199.811478044139,5
221.059390445123,198.81523640221,5
221.077828649199,197.818994760513,5
221.096266861074,196.822753121611,5
221.114705080749,195.826511484804,5
221.133143305895,194.830269849394,5
221.151581541169,193.834028216079,5
221.170019781799,192.837786582764,5
221.188458032557,191.841544951545,5
221.206896290998,190.84530332312,5
221.225036779535,189.849051914411,5
221.242932523368,188.852792469785,5
221.260828274884,187.856533025391,5
221.278724034084,186.860273584258,5
221.296619800734,185.864014144754,5
221.314515577396,184.867754705949,5
221.332411359413,183.871495269239,5
221.350307149114,182.875235834625,5
221.368202946382,181.878976400709,5
221.386098751333,180.88271696819,5
221.403994563967,179.886457537767,5
221.421890386497,178.890198108973,5
221.43977546168,177.893938337918,5
221.457116014673,176.897661152994,5
221.474456575233,175.901383970864,5
221.491797141149,174.905106788734,5
221.509137716726,173.908829609398,5
221.526478299755,172.912552430993,5
221.54381889035,171.916275255149,5
221.561159488512,170.919998080237,5
221.578500094125,169.92372090579,5
221.595840704977,168.927443733672,5
221.613181325607,167.931166563649,5
221.630521953688,166.934889395721,5
221.647538140067,165.938602178823,5
221.664151196368,164.942302477313,5
221.680764262332,163.946002776967,5
221.697377335513,162.949703079648,5
221.713990413817,161.953403381631,5
221.730603499454,160.957103686407,5
221.747216594755,159.960803993279,5
221.763829695061,158.964504301548,5
221.780442804913,157.96820461005,5
221.797055922099,156.971904921811,5
221.812693423126,155.975576588186,5
221.827982050367,154.979238011176,5
221.843270682264,153.982899436727,5
221.858559323591,152.98656086321,5
221.873847971903,151.99022229109,5
221.889136624988,150.993883721065,6
221.904425285058,149.997545153834,6
221.916073886561,149.001116505824,6
221.92680902849,148.004665254615,6
221.937544176355,147.008214004338,6
221.942457589437,146.552144479007,6
221.95831934805,145.555822405033,6
221.974974613753,144.559524108423,6
221.991778580239,143.563230269356,6
222.008585475269,142.566936521558,6
222.025493950699,141.570645902306,6
222.042402435793,140.574355283519,6
222.05931092822,139.578064669389,6
222.076219425886,138.581774052698,6
222.093063984183,137.585481469054,6
222.109905635356,136.589188798564,6
222.126747296192,135.592896127841,6
222.143588962033,134.596603457816,6
222.160426059389,133.60031065112,6
222.177096531494,132.604012742406,6
222.193767008604,131.607714835787,6
222.210437495378,130.611416928703,6
222.227107987273,129.615119024878,6
222.243778486387,128.618821121287,6
222.260266020778,127.622517682146,6
222.276649732143,126.626211102819,6
222.293033450725,125.629904523259,6
222.309417176642,124.633597946493,6
222.325800909894,123.637291370425,6
222.342096528271,122.640982181532,6
222.358014733647,121.644661793951,6
222.373932946241,120.648341406835,6
222.389851168264,119.652021022514,6
222.405769395176,118.655700641219,6
222.421622728463,117.65937839658,6
222.436727563734,116.663034694968,6
222.451832403662,115.66669099452,6
222.466937252902,114.6703472964,6
222.482042109128,113.674003598047,6
222.495941826724,112.677627728088,6
222.509345942643,111.681238627527,6
222.522750064963,110.684849527897,6
222.53350848949,109.688404904678,6
222.541340549709,108.6918988619,6
222.543170341873,108.486724570626,7
222.538331834599,107.490134346299,7
222.529467846733,106.493569711689,7
222.520603860146,105.49700507801,7
222.510652656434,104.500452174805,7
222.500268604723,103.503903943114,7
222.489884554059,102.50735571282,7
222.47901834466,101.510813733097,7
222.467388982419,100.514281643555,7
222.455759618431,99.517749555409,7
222.444130257354,98.5212174686603,7
222.432015743339,97.5246926657855,7
222.41901879129,96.5281811095774,7
222.40602183959,95.5316695545334,7
222.393024885911,94.5351580018178,7
222.380027937121,93.5386464518961,7
222.365403726231,92.5421633031219,7
222.350661771488,91.545682212105,7
222.335919818957,90.5492011238821,7
222.321177863982,89.5527200349607,7
222.305353027652,88.5562614493538,7
222.288122030674,87.5598320839927,7
222.27089103288,86.563402720727,7
222.253660034388,85.5669733560644,7
222.235719521879,84.5705623608083,7
222.21447749855,83.5742368220817,7
222.193235473474,82.577911284985,7
222.171993449097,81.5815857492853,7
222.147086036275,80.5853889849968,7
222.118086648639,79.5893359780312,7
222.089087257627,78.5932829724625,7
222.046214208589,77.5980401551351,7
221.995409110328,76.6032605522778,7
221.877266415744,75.617245108122,7
221.737087481073,74.6357528306544,7
221.587638934841,73.6562051523943,7
221.425332519109,72.6798395446967,7
221.26027005713,71.7041560027283,7
221.089751203777,70.7299436917529,7
220.913839010056,69.7571856142022,7
220.737926776288,68.7844275389798,7
220.554156493163,67.8139213484246,7
220.369064650033,66.8437938732095,7
220.183888682397,65.8736918063369,7
219.98975126096,64.9062971256208,7
219.795613795752,63.9389024502598,7
219.600575230084,62.9717948595062,7
219.396326274611,62.0076217122842,7
219.192077277577,61.0434485694859,7
218.985022996436,60.0802247198299,7
218.76812751987,59.1203311090358,7
218.551231996855,58.1604375028983,7
218.324889167561,57.2039939565584,7
218.090285822167,56.2505670669489,7
217.851433189353,55.2988688740879,7
217.588452834054,54.3569864027668,7
217.31952558842,53.4178506340832,7
217.026016089716,52.4900687639602,7
216.727862304309,51.5646312218159,7
216.420578565449,50.6438022919465,7
216.110827224562,49.7242814213969,7
215.791947684134,48.8095994165633,7
215.473068076884,47.8949174252339,7
215.144374162424,46.985663829837,7
214.814519104315,46.0770524535328,7
214.479491443606,45.1714225180913,7
214.138242294546,44.2693785983138,7
213.796993072261,43.3673346932046,7
213.443432345754,42.472703719046,7
213.089419202413,41.5783451255411,7
212.727790015517,40.6888058632612,7
212.358491482562,39.8041196665727,7
211.986714764964,38.9210992315784,7
211.5979007032,38.0495309766848,7
211.209086565301,37.1779627413489,7
210.79567382799,36.3242789765354,7
210.380180500099,35.4721078739967,7
209.926980531542,34.6505488234106,7
209.464472292922,33.8372310528066,7
208.983557798201,33.0405437913723,7
208.50309299631,32.243433209369,7
208.022944720928,31.4460246495437,7
207.541817953577,30.649538674159,7
207.05980825983,29.8538851670455,7
206.577058599447,29.0589358864818,7
206.091225933167,28.2669208834413,7
205.605393176782,27.4749059067108,7
205.115667184349,26.6866551421117,7
204.624100871151,25.900183673948,7
204.131972374162,25.1142681436613,7
203.632435875246,24.3356790607795,7
203.132899287506,23.5570900060702,7
202.628374287044,22.7835915805772,7
202.117901926511,22.0161623943131,7
201.607429476338,21.2487332392484,7
201.082866942161,20.4963268851861,7
200.557138999109,19.7451630237047,7
200.019032010226,19.0080629365984,7
199.47119158553,18.282020942308,7
198.908021347248,17.5752011330333,7
198.326131176786,16.8918544242624,7
197.722620868124,16.2391361235641,7
197.108793589752,15.6010334328748,7
196.486270479392,14.9763051012997,7
195.862349948962,14.353725946974,7
195.234236238874,13.7378214839846,7
194.603776331409,13.1256516487338,7
193.972744754981,12.5144141707569,7
193.337328225025,11.9103289674968,7
192.701911606127,11.3062438133638,7
192.064859753591,10.7048795798328,7
191.425179001642,10.1078897374682,7
190.785498161335,9.5108999426011,7
190.143578518531,8.91770475404337,7
189.499793113093,8.32767188129947,7
188.856007619645,7.73763905651867,8
188.209146205569,7.15292003424838,8
187.560972646927,6.57046774122864,8
186.91279900074,5.98801549640484,8
186.259689598228,5.41427926416509,8
185.60631950153,4.84100329270586,8
184.95026794041,4.27259833435528,8
184.290052407538,3.71175749902613,8
183.628550267778,3.15335308806971,8
182.958130275598,2.61183694028296,8
182.455882427166,2.20601641968824,8
181.734042606899,1.78084781486541,8
181.01220271294,1.35567927104421,8
180.290362745174,0.930510787991807,8
179.568522703601,0.505342368036509,8
178.846682588337,0.080174008151516,8
178.124842399382,-0.344994289334863,8
177.40300213662,-0.770162526052445,8
176.68116180005,-1.19533070246689,8
175.959321389673,-1.62049881648272,8
175.237407182227,-2.04546968010254,8
174.515217291191,-2.46970331901684,8
173.793027328909,-2.89393689623103,8
173.070837292937,-3.31817041197792,8
172.348647183389,-3.74240386695601,8
171.626457000151,-4.16663725930266,8
170.904266743222,-4.59087059088051,8
170.18207641039,-5.01510386029258,8
169.459886006312,-5.43933706870303,8
168.737695528427,-5.86357021681033,8
168.015349508263,-6.28738632821478,8
167.292801314034,-6.71066033327952,8
166.570253046346,-7.13393427897245,8
165.8477047052,-7.55720816366375,8
165.125156292808,-7.98048198618926,8
164.402607802302,-8.40375574701466,8
163.680059240549,-8.82702944613993,8
162.957510605338,-9.25030308449641,8
162.234961896553,-9.67357666115277,8
161.512413114309,-10.096850176109,8
160.789543306222,-10.519260321511,8
160.066609378438,-10.9414981342852,8
159.343675379525,-11.3637358860578,8
158.62074130727,-11.7859735754319,8
157.897807159345,-12.2082112026401,8
157.17487294029,-12.6304487702437,8
156.451938645565,-13.0526862756815,8
155.729004279827,-13.4749237201177,8
155.006069838302,-13.8971611014567,8
154.282886353438,-14.3187265684828,8
153.559514974593,-14.7397851373535,8
152.836143522523,-15.1608436461538,8
152.112771995133,-15.5819020911586,8
151.389400396612,-16.0029604758602,8
150.666028724983,-16.4240187990945,8
149.942656980013,-16.8450770592317,8
149.219285161933,-17.2661352590658,8
148.4959132683,-17.6871933967341,8
147.772118822439,-18.1071070719045,8
147.048222767655,-18.5267456569709,8
146.324326639762,-18.9463841810357,8
145.600430438877,-19.3660226434004,8
144.876534165,-19.7856610435992,8
144.152637818013,-20.2052993827965,8
143.428741398035,-20.624937661225,8
142.704844905064,-21.0445758751594,8
141.980476674857,-21.4629303500988,8
141.255910778884,-21.8807469964959,8
140.531344812247,-22.2985635818914,8
139.806778770639,-22.7163801044226,8
139.082212656271,-23.1341965666506,8
138.357646469143,-23.552012965316,8
137.633080211352,-23.9698293036781,8
136.908119560336,-24.3865655597765,8
136.182631703443,-24.8018579594791,8
135.457143776352,-25.2171502988786,8
134.73165577685,-25.6324425751809,8
134.00616770261,-26.047734788619,8
133.280679558055,-26.4630269403569,8
132.554997859639,-26.8777840968687,8
131.828108754475,-27.2892031446099,8
131.101219579694,-27.7006221299525,8
130.374330332968,-28.1120410531294,8
129.647441014182,-28.5234599146061,8
128.920551623567,-28.9348787122872,8
128.191197455046,-29.3393732591066,8
127.461837395793,-29.7438514009118,8
126.732477267738,-30.1483294810168,8
126.003489021328,-30.5538535872474,8
125.276333164307,-30.9645313103683,8
124.549177235574,-31.3752089703921,8
123.822021235013,-31.7858865696471,8
123.094917051843,-32.1967081003822,8
122.368784136372,-32.6102251247503,8
121.642651148723,-33.0237420864869,8
120.916518090991,-33.4372589841951,8
120.190384958754,-33.8507758232299,8
119.464251756668,-34.2642925980035,8
118.738274247502,-34.6782391914166,8
118.012477190932,-35.0926839211024,8
117.286680064397,-35.5071285874583,8
116.560882863123,-35.9215731916483,8
115.835085589555,-36.3360177334398,8
115.109288243577,-36.7504622135311,8
114.383490825305,-37.1649066328537,8
113.65769515594,-37.5793560054153,8
112.931900119409,-37.9938072618097,8
112.206105008256,-38.4082584541757,8
111.480309829232,-38.8227095864713,8
110.754514575587,-39.2371606542729,8
110.028719247319,-39.6516116617713,8
109.302923849085,-40.0660626078025,8
108.577096874942,-40.4804265908897,8
107.851074031321,-40.8942504136357,8
107.125051117851,-41.3080741753802,8
106.399028131971,-41.7218978735618,8
105.673005071585,-42.135721510509,8
104.946981939022,-42.5495450869203,8
104.220958736376,-42.9633686000016,8
103.494935459108,-43.3771920495201,8
102.768898512702,-43.7909778296016,8
102.042436685879,-44.2035885434598,8
101.315974784666,-44.6161991944537,8
100.589512811392,-45.0288097830489,8
99.8630507681519,-45.4414203122724,8
99.1365886506392,-45.8540307756048,8
98.410126460949,-46.266641180031,8
97.683664201526,-46.679251520196,8
96.9572018675972,-47.0918618000578,8
96.2302535759518,-47.5031219113153,8
95.503109538462,-47.9138382486999,8
94.7759654290276,-48.324554522289,8
94.0488212477649,-48.7352707362734,8
93.3216769946739,-49.1459868873935,8
92.59453266731,-49.5567029754166,8
91.8673882705625,-49.9674189998768,8
91.140243801754,-50.378134964034,8
90.4125938765938,-50.7874367358163,8
89.6844364205608,-51.1953184946906,8
88.956278890837,-51.6032001913991,8
88.2281212895177,-52.0110818250105,8
87.4999636168359,-52.4189633969218,8
86.7718058747705,-52.8268449052703,8
86.0436480591306,-53.2347263519187,8
85.3154901720118,-53.6426077354699,8
84.5862555908971,-54.0474443247076,8
83.8565680512693,-54.4510000641458,8
83.126880440861,-54.8545557409525,8
82.3971927596722,-55.2581113548949,8
81.66750500747,-55.6616669066716,8
80.9378171843709,-56.0652223951183,8
80.2081292903749,-56.4687778216321,8
79.476866339799,-56.8678026401904,8
78.7447260734625,-57.2643039512914,8
78.0125857393723,-57.6608051981311,8
77.2804453353165,-58.0573063823394,8
76.5483048590832,-58.4538075036835,8
75.8161643152125,-58.8503085628618,8
75.070525218267,-59.2031170402188,8
74.316906201886,-59.5300958817825,8
73.5630073753418,-59.8560552007984,8
72.808863021899,-60.1811143648811,8
72.0541807997506,-60.5042003220879,8
71.298608788522,-60.8239790040534,8
70.5423731302144,-61.1412685671821,8
69.7846727765864,-61.4530034670606,8
69.0254480211297,-61.7587935673073,8
68.2648885889212,-62.059292263817,8
67.5021755544003,-62.3510781277437,8
66.7369367793435,-62.6321571096778,8
65.9696147476789,-62.9040428355802,8
65.2000309902942,-63.1657179761678,8
64.4267939523561,-63.4097695939709,8
63.645013302681,-63.602829532465,8
62.8589435470058,-63.7693456483539,8
62.071838010801,-63.9279311769642,8
61.2834454381373,-64.0759728283156,8
60.4940734726843,-64.2153211997356,8
59.703856400447,-64.3467269232497,8
58.9128272422822,-64.4700840825681,8
58.1209392318269,-64.5843143505044,8
57.3281707512215,-64.6881690598093,8
56.5347545202822,-64.7835700172,8
55.7407249335665,-64.8702640493866,8
54.9461197969504,-64.9479534707498,8
54.1509689817904,-65.0160278121475,8
79.9330525631085,-56.6568889436312,9
79.1973043071339,-57.0426969530527,9
78.4586916982662,-57.4198086878751,9
77.7186586204916,-57.7925178245641,9
76.9771838062443,-58.1606828279328,9
76.2349743827945,-58.5265009312425,9
75.4919986629393,-58.8898677662946,9
74.7476917164167,-59.2489097025245,9
74.0028083748184,-59.6060584241059,9
73.2564180606278,-59.9582217049319,9
72.5087431618013,-60.3060351281893,9
71.7599681849824,-60.6501234888565,9
71.0079584751511,-60.9828928483184,9
70.2529905235861,-61.3047748808749,9
69.4940278640715,-61.6114751964342,9
68.7315667890944,-61.9042698757257,9
67.9673113884637,-62.1895822742954,9
67.2012394509511,-62.4671078012325,9
66.4329049783992,-62.734550263267,9
65.6625808634562,-62.9927270608023,9
64.8901289952919,-63.2405834812671,9
64.1153367200168,-63.4765482400544,9
63.337890523253,-63.698248402914,9
62.5573403123999,-63.9019811693579,9
61.7729506654432,-64.080777670024,9
60.9843181427568,-64.2266516906675,9
60.1925289357314,-64.3419673216995,9
59.399869496352,-64.447130614426,9
58.6065290647093,-64.543584828265,9
57.8126327164937,-64.6323037690017,9
57.0182691947557,-64.7139739145059,9
56.2235036140774,-64.789073974127,9
55.4282876005163,-64.8558809575625,9
54.6327836830169,-64.9166510661598,9
53.8370192664443,-64.9714201469906,9
53.0410163468914,-65.0200759312138,9
52.2447945977328,-65.0623714451212,9
51.4483433754649,-65.0964747469407,9
50.6515754872235,-65.1032059332356,9
49.854812407284,-65.0968181986827,9
49.0581146748737,-65.0822294680402,9
48.2616531902459,-65.0556483597029,9
47.4652718936559,-65.0260175489821,9
46.6691788166063,-64.9866644665599,9
45.8732200036757,-64.9438716077711,9
45.0775796673261,-64.892919404665,9
44.282145329169,-64.8377345551271,9
43.4871050822549,-64.7744524898008,9
42.6923635085113,-64.7061317821499,9
41.898150001769,-64.6289024963044,9
41.1044141519815,-64.5450094568078,9
40.3113967762329,-64.451093083946,9
39.5193090185057,-64.3464974868111,9
38.7281282425392,-64.2314827693626,9
37.939166619326,-64.0957861067727,9
37.1522320726654,-63.9442744278349,9
36.3742256748956,-63.73231699178,9
35.5970826259581,-63.5156341693364,9
34.8215751072858,-63.2899994167965,9
34.047206880874,-63.0585199010093,9
33.2745198791381,-62.8184153470211,9
32.502915962832,-62.5731088991743,9
31.7335171920713,-62.3172113718465,9
30.9647350875894,-62.0585495540872,9
30.1992730177008,-61.785004729405,9
29.4338109943783,-61.5114598367363,9
28.6727920112899,-61.2194117575418,9
27.9121581566287,-60.9257599180564,9
27.1554926787503,-60.61685146112,9
26.400923242094,-60.299884744687,9
25.649421450682,-59.9721191399731,9
24.9026628904976,-59.6276560772676,9
24.1576455865288,-59.2776390484069,9
23.4212290864671,-58.9001880837604,9
22.6850004526786,-58.5222015997861,9
21.9627122358652,-58.1044685945381,9
21.2404240901815,-57.6867355250288,9
20.5300615718588,-57.238371233223,9
19.820220492431,-56.7886677419301,9
19.1168636630755,-56.3233951926231,9
18.4139091408579,-55.8571568061598,9
17.7171716539888,-55.3766383817419,9
17.0211683959933,-54.8944336099085,9
16.3311397949001,-54.3990796220023,9
15.6423113644123,-53.9010843590368,9
14.9593392735114,-53.3907337943092,9
14.2780881235376,-52.8767526021693,9
13.6028268164955,-52.3506650375202,9
12.929768846021,-51.8201242827345,9
12.2632784051821,-51.276888841996,9
11.5992980634328,-50.7288015838712,9
10.9432220216841,-50.1661457356531,9
10.2895581339253,-49.5990440684836,9
9.64643376902677,-49.0135018769652,9
9.00576804683078,-48.4237527735531,9
8.37862127262633,-47.8116927549709,9
7.75615570240188,-47.1923428315204,9
7.14223038603086,-46.5596933243796,9
6.53442094346974,-45.9179507107474,9
5.9303250691155,-45.2706867838278,9
5.33446621778421,-44.6116549938452,9
4.74111605877988,-43.9490392133594,9
4.15778790519107,-43.2727108399849,9
3.57663160574157,-42.5934108947404,9
3.00721993262414,-41.8988008738961,9
2.44033878366463,-41.2008921757806,9
1.88726563309319,-40.4859621240757,9
1.33757770282682,-39.7668591141701,9
0.804850300541148,-39.0281917096581,9
0.276458376902156,-38.2845232815016,9
-0.229247713577934,-37.5167297569569,9
-0.730475851451047,-36.7441742396913,9
-1.19770292309113,-35.9390052796807,9
-1.65480102458969,-35.1251470244024,9
-2.07144524191972,-34.2774548963644,9
-2.45480366470292,-33.4066271970514,9
-2.8077996178763,-32.514695812948,9
-3.16275852988474,-31.6239914798643,9
-3.51826279074885,-30.7336280653253,9
-3.87205390702002,-29.8421929464675,9
-4.22551735304296,-28.9505528691225,9
-4.57469741569366,-28.0562695681583,9
-4.92238290165551,-27.1610640042927,9
-5.26503808610141,-26.2628362956457,9
-5.60333419940434,-25.3619897153694,9
-5.93802119069733,-24.4590614591725,9
-6.26294913864695,-23.5505043196026,9
-6.58787701383699,-22.6419471651316,9
-6.89475650747772,-21.723565983586,9
-7.20146902499255,-20.8050939394161,9
-7.48987221252173,-19.8774357826915,9
-7.7719876851188,-18.9466229858808,9
-8.03479496471118,-18.0071959849447,9
-8.28335665876512,-17.0614134310745,9
-8.50722034496721,-16.1064211423509,9
-8.70891549088992,-15.1431623408571,9
-8.88199198711664,-14.1715100947768,9
-9.03888122178614,-13.1951103550382,9
-9.16928204265423,-12.2126060624141,9
-9.29034762911033,-11.2282298072241,9
-9.38524414261337,-10.239145743195,9
-9.46219927398488,-9.24776892131195,9
-9.52381658472586,-8.25443205609918,9
-9.55145422497299,-7.25859281141311,9
-9.56079688598402,-6.26238278485835,9
-9.54931671719532,-5.2658754370641,9
-9.49926780036185,-4.27103820070624,9
-9.42197493021376,-3.27913686260581,9
-9.31466688669752,-2.29152925824746,9
-9.17310350947082,-1.3103385695722,9
-8.98733089561574,-0.340408457210287,9
-8.78015141666401,0.622759439982474,9
-8.57062295672949,1.58518389449455,9
-8.35943380452227,2.54704235866666,9
-8.14496296248399,3.50778209976852,9
-7.92248859966639,4.46569532342255,9
-7.69417527178302,5.42145221098326,9
-7.45768620166928,6.37416174495593,9
-7.20728489221074,7.32130674622022,9
-6.94858780701179,8.26495210407302,9
-6.67298629472498,9.20122556667775,9
-6.37934438872617,10.1287801943254,9
-6.07243365084287,11.0496915082913,9
-5.73467847751454,11.9537844425067,9
-5.37037427793257,12.8412007102743,9
-5.06559300771914,13.5438677691855,10
-4.68790399620775,14.4230240925681,10
-4.30435874476098,15.2982228726614,10
-3.91401844739448,16.1687311609276,10
-3.51688656304032,17.0344432140701,10
-3.1116966108093,17.894318632083,10
-2.69726064696442,18.7472898245323,10
-2.27201254258398,19.5919006643817,10
-1.83332114329096,20.4256780589931,10
-1.38958270545118,21.255356017733,10
-0.946197158657014,22.0853258308489,10
-0.510024184826762,22.921237253584,10
-0.073851293418557,23.7571487005334,10
0.360688514076173,24.5943832378834,10
0.794215826666914,25.4324380552862,10
1.22774305683561,26.2704928969033,10
1.66073776758276,27.1089765832294,10
2.09329917351715,27.9478092067875,10
2.52586049505044,28.7866418536287,10
2.95842008106411,29.6254758480936,10
3.39094104268588,30.4643408579286,10
3.82346191769466,31.303205887787,10
4.2559827103978,32.1420709395315,10
4.68870994867757,32.9807697688229,10
5.12193481484428,33.8190679862164,10
5.55515959649347,34.6573662254959,10
5.98838429362513,35.4956644880585,10
6.42240604641847,36.3333187324461,10
6.85717964719515,37.170365478145,10
7.29195316322148,38.0074122459628,10
7.72672659670934,38.8444590377621,10
8.16407634073403,39.6794092257041,10
8.60167512833141,40.5141566987149,10
9.0392738354858,41.3489041929133,10
9.48054394242354,42.1806236635894,10
9.92345053842291,43.0109933996573,10
10.3670794492355,43.8407502716873,10
10.8218766367063,44.6610318783205,10
