X-axis,Y-axis,Link
-5.641040323884226,10.525220692856237,0
-5.314159015077166,11.435507286572829,0
-4.987277774838731,12.345793896354735,0
-4.658035303931683,13.254747691564262,0
-4.325201249914244,14.161674207309261,0
-3.992367265163921,15.06860073725693,0
-3.651418023975566,15.970822239527479,0
-3.3099153839284554,16.872722869738936,0
-2.961589203681797,17.77052074088715,0
-2.6086005319375545,18.665515208384022,0
-2.2506978791207075,19.557417229749262,0
-1.8834952891338617,20.44346667570062,0
-1.5135321862762794,21.327683080686256,0
-1.1297020710771903,22.20269163697958,0
-0.7453262576600537,23.077315407805145,0
-0.3429918778128922,23.939277361612767,0
0.05934242135845125,24.801239335443825,0
0.47957959945779294,25.64974346384406,0
0.901583204511553,26.496919709490612,0
1.3392503429204226,27.33152092783712,0
1.7812899579294026,28.162611793493852,0
2.2354489795397967,28.9833177535329,0
2.6971132629550993,29.797592564485967,0
3.1575907801743597,30.612912088865414,0
3.6162176264915615,31.429860793985426,0
4.074844385730103,32.24680952564813,0
4.530962097458541,33.065918271197006,0
4.978973911725916,33.892005420988426,0
5.426985639380291,34.71809259429574,0
5.874997280770913,35.544179792748764,0
6.323008835897781,36.37026701355353,0
6.768387038144283,37.19856540649198,0
7.211823792778887,38.02849397948012,0
7.655260459519923,38.85842257575132,0
8.098697040579282,39.688351195072755,0
8.542133537936024,40.51827983558178,0
8.985569947282784,41.3482085026335,0
9.427015055320226,42.17979002534412,0
9.867999308858998,43.011754035716876,0
10.308983476948924,43.843718068441376,0
10.749967559822835,44.67568212398328,0
11.190951557015069,45.50764620420523,0
11.631935468525626,46.33961030654609,0
12.072422788711265,47.17198394658044,0
12.511987170903012,48.005118779838085,0
12.95155146799516,48.8382536356803,0
13.39111567742657,49.67138851224445,0
13.83067980373744,50.50452341232449,0
14.270243844948709,51.337658336386085,0
14.709807800943963,52.170793283497915,0
15.14890930603724,53.004308231174946,0
15.587693378562108,53.83808400784619,0
16.02647736563813,54.671859805705026,0
16.465261269826442,55.505635626846924,0
16.904045084142126,56.33941147336736,0
17.342828817781992,57.17318733967841,0
17.781612463877536,58.006963229505345,0
18.220151542918757,58.84093971992843,0
18.65867654804606,59.67492771008983,0
19.097201467957348,60.50891572376713,0
19.535726300324313,61.342903760960326,0
19.97425104980357,62.17689181887545,0
20.412775714183226,63.010879901004955,0
20.851590614998713,63.84462978108786,0
21.290472331340425,64.67832478880882,0
21.729353965027258,65.51201981818303,0
22.168235508608632,66.34571487130597,0
22.607116971514188,67.17940994515084,0
23.046906059840694,68.0123579162173,0
23.487305802525952,68.84480321942829,0
23.927705462207086,69.67724854452536,0
24.368105034227483,70.50969389127567,0
24.812481015804224,71.33882751665078,0
25.25851812493056,72.16657765349373,0
25.699809662764892,72.91799020534381,1
25.788191658561118,73.0842826878652,1
25.876573651330546,73.25057517294772,1
25.964955638046376,73.4168676584959,1
26.05333762371447,73.58316014404409,1
26.141719605890103,73.74945263098925,1
26.230088489246555,73.91575595247559,1
26.318214377970435,74.08226028434001,1
26.406340265762992,74.24876461713575,1
26.494466147734784,74.41526895295829,1
26.582592028775252,74.58177328668535,1
26.67071790387854,74.74827762343921,1
26.758843778050505,74.91478195879608,1
26.847292449325323,75.08101906720549,1
26.93576400447637,75.24723722715862,1
27.02423555869609,75.41345538781025,1
27.11270710930694,75.5796735486947,1
27.201178654446267,75.74589171004482,1
27.289650198072195,75.91210987279192,1
27.378872517030686,76.07769981282763,1
27.468301858752966,76.24311652244069,1
27.557731194770895,76.40853323275223,1
27.647160527296364,76.5739499439951,1
27.73658985889051,76.73936665826477,1
27.826019184547476,76.90478337160312,1
27.916671590763144,77.06915443437174,1
28.007760358043015,77.23315243632533,1
28.09884912171401,77.39715043944307,1
28.189937882125378,77.56114844349213,1
28.28102663694881,77.72514644823968,1
28.372115390142426,77.88914445368573,1
28.46557605243288,78.05104331858456,1
28.559219679329544,78.2127802609466,1
28.652863300172612,78.37451720284298,1
28.74650691729039,78.5362541473005,1
28.840150531032123,78.69799109129235,1
28.93566878605634,78.8579799241852,1
29.033125388552435,79.01616123132408,1
29.13058198953513,79.1743425396271,1
29.228038584813476,79.33252385002561,1
29.325495180557482,79.49070515949279,1
29.42615976219531,79.64564888575114,1
29.52936382777989,79.79802970495075,1
29.63256788731087,79.95041052415036,1
29.73577194334939,80.10279134567827,1
29.841264606569894,80.25255505577661,1
29.95346228091512,80.39465132099576,1
30.06565995141864,80.5367475876119,1
30.177857617964037,80.67884385632351,1
30.300360942957923,80.80627288250253,1
30.427353254519403,80.92731308215298,1
30.554345562472008,81.04835328506306,1
30.694806518149562,81.14306600252166,1
30.835642817779444,81.23704503243789,1
30.97829464811366,81.32643825560808,1
31.123131196713075,81.41031316504814,1
31.2679677400738,81.49418807774782,1
31.41394685569685,81.57482244260609,1
31.560838742996566,81.65286801569164,1
31.707730625290424,81.73091359157115,1
31.854996199370362,81.80782558443025,1
32.00288368749898,81.88285101414658,1
32.150771172950044,81.95787644688971,1
32.29866243142169,82.03289007442072,1
32.44683033705223,82.10703857871704,1
32.59499824012164,82.18118708441034,1
32.743166142958216,82.25533559545875,1
32.89114083372988,82.33008746663108,1
33.03897191782016,82.40528778545558,1
33.18680300132837,82.48048810684122,1
33.33446965587791,82.55618550884537,1
33.48127168242354,82.63449682784267,1
33.62807370419614,82.71280814777128,1
33.77487572294194,82.79111947258934,1
33.91991673014127,82.87441079993732,1
34.06470652483404,82.95841252384707,1
34.209496318595484,83.04241425101645,1
34.35124067554716,83.13413340621628,1
34.492320927325636,83.22753547062166,1
34.63272572855931,83.32238002773374,1
34.766604210599326,83.43116230354644,1
34.90048268658575,83.53994458098896,1
35.0302929681493,83.6561055672355,1
35.15895412338432,83.77435078728013,1
35.28838327655103,83.89127011667006,1
35.41810775164049,84.00767959561199,1
35.54776116576977,84.12421309691854,1
35.6773859008681,84.24079665285535,1
35.806031642481685,84.35906155942939,1
35.9343281860929,84.47792618884705,1
36.06055824982468,84.60018860944547,1
36.186214965884574,84.72339375130832,1
36.308501587365754,84.8517670466099,1
36.43012318853289,84.98116017063148,1
36.546936132363044,85.11727108876221,1
36.66307926422451,85.25431774789467,1
36.77308509196155,85.39901934447698,1
36.88234049815219,85.54465691931546,1
36.98465665092226,85.69789457670413,1
37.08577019057702,85.85244936821982,1
37.18018696492072,86.01335857948288,1
37.27218959806487,86.17655851575546,1
37.36144759017043,86.34206930710934,1
37.44806300953496,86.50980501435697,1
37.53467842529062,86.67754072346725,1
37.620948467054404,86.84555300720967,1
37.70689168293029,87.01382701378316,1
37.79283489577938,87.18210102105513,1
37.8787781073479,87.35037502762862,1
37.964608540642075,87.51873854734004,1
38.05014834494796,87.68733274657279,1
38.13568814587779,87.85592694650404,1
38.22122794587631,88.02452114759944,1
38.30676774063613,88.19311534869485,1
38.39228723978158,88.36172556388192,1
38.477507188916206,88.53057212103158,1
38.5627271393314,88.69941867887974,1
38.647947084507905,88.86826523696072,1
38.73316702572629,89.0371117957402,1
38.81838696170598,89.20595835824497,1
38.90356986341067,89.3748339896556,1
38.98848673666362,89.54391844011843,1
39.073403607006185,89.71300289104693,1
39.15832047385629,89.88208734290674,1
39.243237337330356,90.0511717943009,1
39.3281541953329,90.22025624848902,1
39.41307105217129,90.38934070244431,1
39.49775618605781,90.55860610492527,1
39.5823478361126,90.7279445072636,1
39.66693948523607,90.89728291006759,1
39.75153112853877,91.06662131217308,1
39.83612276893109,91.23595971544273,1
39.920714405714534,91.40529812127352,1
40.005271065281704,91.57466367888264,1
40.08947918075137,91.74429981806315,1
40.173687292961404,91.91393595933914,1
40.25789539946709,92.08357210224494,1
40.342103502945974,92.25320824375376,1
40.42631160514429,92.42284438782372,1
40.51051970163826,92.592480532825,1
40.59447521530092,92.76231134869158,1
40.67819271015469,92.93232561065815,1
40.76191020139959,93.10233987448737,1
40.845627687172964,93.2723541369196,1
40.92934517201502,93.44236840261146,1
41.013062653364614,93.61238266713917,1
41.09661642136052,93.78252188721672,1
41.17965225933585,93.953056426486,1
41.26268809416797,94.1235909666866,1
41.34572392574046,94.29412550781853,1
41.42875975370407,94.46466004941612,1
41.5117955787573,94.63519459124655,1
41.594282864476554,94.8061418440193,1
41.676271397736855,94.97746434668079,1
41.75825992773753,95.14878684654832,1
41.840248456574045,95.3201093506068,1
41.922236980171874,95.49143185443245,1
42.007347579463385,95.66032609157264,1
42.09435458993539,95.82774535077624,1
42.18136159935966,95.99516460881568,1
42.2682193556102,96.16270410339348,1
42.35449509671889,96.33071246719919,1
42.440770832123235,96.49872083449736,1
42.52704335853923,96.6667317384854,1
42.61191620095633,96.83585057570599,1
42.696789042209275,97.00496941339225,1
42.7816618779907,97.17408825340681,1
42.86437007249333,97.34487047791481,1
42.947058375226334,97.51566798565909,1
43.029306160169654,97.68678953219205,1
43.10892848169897,97.8598423388321,1
43.18855080218054,98.03289514663629,1
43.266429624170996,98.20715615805238,1
43.34203157376032,98.38299499102868,1
43.417633517761715,98.5588338249363,1
43.489071495016105,98.7373429168947,1
43.55967405298725,98.91638774005696,1
43.62842465448193,99.09651023568586,1
43.69309499033261,99.2790070688352,1
43.75776532792952,99.46150390431285,1
43.81677404779475,99.64692742354237,1
43.8747122293571,99.83290434069932,1
43.92981784499716,100.0201525716111,1
43.980443538865075,100.20941148651764,1
44.03106923296582,100.39867040258832,1
44.070995744201355,100.59180500824004,1
44.10996914166026,100.78528487123549,1
44.142676836112514,100.98033474874683,1
44.16730003524572,101.1774103785865,1
44.191923233447596,101.3744860063307,1
44.204765289323404,101.57323839119636,1
44.217241786420345,101.77204280346632,1
44.22437358344905,101.97113687056117,1
44.2267910677474,102.17048642714508,1
44.22804579511285,102.3698158741463,1
44.22232527018059,102.56902468414046,1
44.21660474338569,102.76823349343613,1
44.20559196092654,102.96704926760867,1
44.19351820985321,103.16578624723479,1
44.17851468001027,103.36417855764739,1
44.16182692721486,103.5623727266211,1
44.14352472813334,103.76032955059782,1
44.12407986796461,103.95811838749796,1
44.104290425777435,104.15585209941491,1
44.08463332930114,104.35360441845842,1
44.06761886714958,104.55175373097882,1
44.05526468495373,104.75043016648851,1
44.047477523679845,104.94947296357714,1
44.043971957755275,105.14877157565206,1
44.0475120972842,105.34806390223093,1
44.05305815243628,105.5473054011818,1
44.06712992384564,105.74594998732209,1
44.082150390022434,105.94445613655262,1
44.10608475061599,106.14166155690327,1
44.130019107833505,106.33886697795242,1
44.16320232814178,106.53396621346474,1
44.197392851347104,106.72883606213145,1
44.2366803715704,106.92210058122873,1
44.28129917930346,107.11368597857654,1
44.32591798494104,107.30527137452736,1
44.37935026595369,107.49326609121636,1
44.434358226368204,107.68061886494979,1
44.48936618445441,107.86797163728625,1
44.554201877792366,108.05036110733636,1
44.61936476198025,108.23258533631451,1
44.68452764139511,108.41480956668966,1
44.75778991484549,108.59211029228754,1
44.83270333602559,108.76840730663389,1
44.907616751967,108.9447043237742,1
44.98606623650994,109.11848492827266,1
45.06945806846488,109.28874835232273,1
45.15284989704378,109.45901177683845,1
45.236241720151156,109.62927520251833,1
45.319633542210795,109.79953862936236,1
45.405318431323394,109.96801465400495,1
45.491208701743744,110.13633058127016,1
45.577098972979,110.30464651063085,1
45.66298924095463,110.47296243952587,1
45.748905985150486,110.64125696872361,1
45.836664284346625,110.8080634183716,1
45.92442258016672,110.97486986778677,1
46.01218087214511,111.14167631790042,1
46.09993916132953,111.30848276941106,1
46.18769744655583,111.4752892209217,1
46.276565408101305,111.64117434155196,1
46.36575623170938,111.8067913944833,1
46.45494705415331,111.9724084471818,1
46.54413787310477,112.13802550244145,1
46.63332868856378,112.30364255839959,1
46.722818807000294,112.4690058613196,1
46.81312586029526,112.63367655617185,1
46.90343291009776,112.79834725148976,1
46.99373995652422,112.9630179500673,1
47.084047001670115,113.12768864748068,1
47.174354041344486,113.29235934652388,1
47.26515516533982,113.45660426281393,1
47.3563380431151,113.62052019545808,1
47.44752091751434,113.78443612949923,1
47.53870378853753,113.94835206447169,1
47.629886658047326,114.11226800153963,1
47.721069521969184,114.27618393837474,1
47.8127538273111,114.43966219434515,1
47.90462149656378,114.6029803995043,1
47.996489160112105,114.7662986065261,1
48.08835682249628,114.92961681447923,1
48.18022447696421,115.0929350249935,1
48.27209213213064,115.25625323574059,1
48.364402560167946,115.41918112244457,1
48.45679588569328,115.58203592780046,1
48.54918921017088,115.7448907343205,1
48.64158252859488,115.90774554060772,1
48.733975845738314,116.07060034875758,1
48.8263691595057,116.23345515853725,1
48.91913456702605,116.39597949152812,1
49.01191377500072,116.55849156505428,1
49.10469297983218,116.72100364090875,1
49.19747218338307,116.88351571536623,1
49.29025138088036,117.04602779075503,1
49.383073484757915,117.20850155944936,1
49.47610800561961,117.37078567664139,1
49.56914252601564,117.53306979336776,1
49.66217704699375,117.69535391055979,1
49.755211567739025,117.85763802751899,1
49.84824608860072,118.01992214447819,1
49.941280609345995,118.18220626167022,1
50.03431512997486,118.34449037839659,1
50.127349650720134,118.50677449535578,1
50.220384171349,118.66905861231498,1
50.31341869221069,118.83134272950701,1
50.40645321295597,118.99362684669904,1
50.7857539660763,119.80464147543535,2
51.22494200372603,120.63805279228836,2
51.65133937529754,121.48172770696692,2
52.061156588140875,122.33807153441012,2
52.44942684855778,123.20984888356179,2
52.8087473991327,124.1006165924482,2
53.12706310313661,125.01506474148482,2
53.38703482423443,125.95741127687506,2
53.57658749015536,126.92547202622518,2
53.687504743691534,127.91216753935441,2
53.71197749057319,128.90777962445281,2
53.66218026983552,129.90156003064476,2
53.53912928560749,130.88510109274648,2
53.347151002148166,131.8511388269253,2
53.10436575731728,132.79900163062848,2
52.761297545279376,133.69477888103575,2
52.30351305636577,134.50666345492937,2
51.7705948301591,135.24388954695314,2
51.18422359065153,135.91530263447203,2
50.558134054765105,136.52863039216027,2
49.898686192929745,137.08487605373375,2
49.213402275694534,137.5899512944743,2
48.50529245601501,138.0431571006775,2
47.777225642930716,138.44435474951752,2
47.04190854844637,138.82502862857655,2
46.30434808856808,139.19894132274203,2
45.56634219374973,139.57148109842092,2
44.827548633445986,139.94159321836196,2
44.08875513530802,140.3117054051254,2
43.34956115204841,140.6805726569146,2
42.610229076701216,141.04901055875234,2
41.870897065266035,141.41744852880947,2
41.13142132142093,141.78543799067847,2
40.39188143366482,142.15322722448036,2
39.65234161016997,142.52101652510464,2
38.912806956097484,142.88882183702663,2
38.17328069743235,143.25665322877467,2
37.43375450291205,143.6244846850168,2
36.694228372187354,143.99231620994397,2
35.95491925289389,144.36082443408668,2
35.21561350452248,144.729343035724,2
34.47630781773478,145.09786170418374,2
33.73733312578406,145.46740903845057,2
32.998512985301204,145.8374366313219,2
32.259692911524326,146.20746429101564,2
31.521477016969584,146.57935697492212,2
30.783592733670957,146.95227322750725,2
30.04581052134745,147.3255001755897,2
29.30988208251074,147.70437210658565,2
28.57448068575468,148.08478632685728,2
27.84543263388332,148.48379381443374,2
27.121120392810553,148.89571673725732,2
26.40218796557747,149.32231141836382,2
25.69231683772523,149.77179209841415,2
24.987144052051008,150.2325486210175,2
24.289619348826818,150.71127837290987,2
23.601632546517067,151.2108932635747,2
22.920924240606837,151.72572238650173,2
22.24936992977746,152.25919375778176,2
21.594240883365273,152.82359734131023,2
20.955085332971066,153.41556631075218,2
20.33965438453015,154.04523041122593,2
19.764064261689782,154.73066567699425,2
19.251566966064274,155.49033753247932,2
18.813346879789606,156.3201029743068,2
18.43818321195431,157.19701928668655,2
18.134687627782114,158.11650955933146,2
17.89651225914713,159.06605700403452,2
17.719076040782966,160.03642297140323,2
17.599448808818124,161.02094193617813,2
17.545458893524483,162.01421211007982,2
17.59570567670744,163.00822413060814,2
17.727378407958895,163.99106202088296,2
17.940644140704535,164.95178495836444,2
18.209733822499402,165.89061368838884,2
18.52355970244389,166.80777135351673,2
18.8755560957361,167.70323667279445,2
19.25978687533643,168.57775169657543,2
19.670631526503712,169.4333911514841,2
20.100210746051744,170.2746041235514,2
20.534405413432978,171.11208056774922,2
20.97399231453892,171.94519162504002,2
21.416683054179884,172.77572142076679,2
21.86262720450759,173.60354556282982,2
22.309921486419626,174.43022607685998,2
22.760688506648876,175.25396508001722,2
23.211455440614372,176.07770410808735,2
23.666305908118375,176.89793230383657,2
24.121345928055234,177.71799748577178,2
24.57919051137287,178.53561682230793,2
25.038649980910122,179.35182779980823,2
25.50046365498565,180.16595238656737,2
25.96532011346426,180.97738033952191,2
26.434017427731305,181.78532876376994,2
26.906878836103715,182.58950483216904,2
27.39352228376083,183.3807017968502,2
27.953823272837326,184.38872427260503,2
28.386765182367526,185.22723487671465,2
28.8170418869704,186.06789075979032,3
29.247947982512414,186.90804392821155,3
29.683313872199506,187.74460114259273,3
30.123196647968143,188.57744105160236,3
30.56790811929386,189.40629802970216,3
31.026438569300808,190.22331962152384,3
31.497722704545595,191.02876372658648,3
31.98890500701964,191.81516149407253,3
32.51996438216884,192.55892488872632,3
33.13190384814516,193.19618751574308,3
33.80784596095327,193.72565110726282,3
34.522822488914244,194.16752012842335,3
35.26749696594197,194.52333602355793,3
36.03710634075105,194.78275059070438,3
36.822508743731305,194.9501178744249,3
37.61717769806273,195.01910357689485,3
38.41280869743787,194.98607997689396,3
39.202343919547275,194.8567482107319,3
39.984988733544014,194.67338747531176,3
40.761968269827776,194.456245561596,3
41.534130162443034,194.21411336166784,3
42.3018999742344,193.95120948227122,3
43.065406955895014,193.66952428338118,3
43.822899310151115,193.3636404944118,3
44.57447333657183,193.03612516098656,3
45.319248839165084,192.68554239720106,3
46.054542957339436,192.3053474421613,3
46.77892831491772,191.89348466717638,3
47.49854895530734,191.46871225372888,3
48.220059352112,191.04895079159178,3
48.94218562217429,190.6308432216756,3
49.66488680290058,190.21427953103557,3
50.38810245436616,189.79910824168473,3
51.11162324133329,189.38476273883134,3
51.8355018486036,188.9713912771549,3
52.55968250299338,188.55884200776927,3
53.28408160421532,188.1468903273344,3
54.0088727180846,187.73601115844212,3
54.73377455933951,187.32543636346236,3
55.45921180373989,186.91633378667757,3
56.18471171054989,186.5074044028297,3
56.91093418514356,186.10047341650352,3
57.637357090599835,185.694100958528,3
58.3646924138302,185.29027156345546,3
59.09312344703358,184.88953468343243,3
59.58302005089354,184.61658937716857,3
60.30652131070383,184.2021892433986,3
61.026667602942325,183.7788755649235,3
61.744347976054996,183.34902496635914,4
62.45893890981097,182.9112346637994,4
63.17293767922092,182.47194774169475,4
63.88612252555322,182.0306037766859,4
64.5994792158017,181.58969215559773,4
65.31304951373022,181.14932095794939,4
66.02835871651769,180.7133589910809,4
66.74546878074761,180.28205936448649,4
67.4646244905889,179.85605583968572,4
68.18992880219594,179.44660423370078,4
68.92157969984692,179.0554018628318,4
69.6643429788528,178.69900499214418,4
70.4220806529047,178.39485202357173,4
71.1847921423614,178.10976373846643,4
71.94793849077541,177.82649765512906,4
72.71595029137097,177.56467431946658,4
73.49305048095994,177.34873108775355,4
74.27975758502726,177.19509294093587,4
75.07280697277747,177.1045107122045,4
75.86893047171179,177.0728942975402,4
76.66538016742561,177.09964010003023,4
77.46023152931593,177.17121879942715,4
78.25197407510132,177.28558939066716,4
79.03893313882872,177.44437582418323,4
79.8135871461127,177.67795024695806,4
80.56351230246946,178.0174585157074,4
81.29522952134721,178.41450906009413,4
81.99914418451954,178.88358303555287,4
82.65242329158355,179.4552655769512,4
83.18604710593354,180.19409777130932,4
83.66720703220926,180.99049338884652,4
84.13696388935205,181.79749280121177,4
84.60112029977608,182.60953383683227,4
85.06176607054658,183.424691317603,4
85.51985172007699,184.2421033193823,4
85.97461784654297,185.06240318529308,4
86.42771526414435,185.88413949939422,4
86.87936455360614,186.7071210150607,4
87.32849956012797,187.5322469980456,4
87.77605929702986,188.3587047685869,4
88.22196879773401,189.18655344098806,4
88.66547517874278,190.0164151461795,4
89.10388246062212,190.85048840544187,4
89.54253142012749,191.68436623294838,4
89.98210736783221,192.5174833049532,4
90.42287572170608,193.34961651731282,4
90.86401485593524,194.1814437666908,4
91.30659637483768,195.01207464630716,4
91.74936640448868,195.84254912403412,4
92.19382976158522,196.67161098867655,4
92.63847480283584,197.50052124634385,4
93.08520672586747,198.3276785297785,4
93.53218084876426,199.15463232249022,4
93.9820809585508,199.97910627443343,4
94.43267671810463,200.80298516945913,4
94.88727737695444,201.62342711072415,4
95.3454694787506,202.44072654168122,4
95.80952836060897,203.25282530626282,4
96.18930113210808,203.9166457571555,4
96.64561382494867,204.73560321656987,4
97.10192643012851,205.55456070252694,4
97.55534953309689,206.3760170028545,5
98.00842266576365,207.19777591060847,5
98.46149571135174,208.0195348400157,5
98.91389032697771,208.84187603346072,5
99.36561447486747,209.6647926585283,5
99.81733853579499,210.48770930687897,5
100.2690625101095,211.31062598060817,5
100.72066648339387,212.13364523998462,5
101.17158495250624,212.95725076342933,5
101.62250333291013,213.78085630806163,5
102.07342162856366,214.60446187853813,5
102.52433983795345,215.42806747346185,5
102.975170024205,216.25174812972546,5
103.42548525054008,217.07586816558614,5
103.87580039014574,217.89998822659254,5
104.32611544337124,218.72410830878653,5
104.77643040998373,219.5482284168247,5
105.22674528998323,220.37234854884446,5
105.67661889595911,221.19684447534382,5
106.12638888030779,222.02142860880122,5
106.57615877571516,222.84601276786998,5
107.02592858718708,223.67059694998898,5
107.47569830983412,224.49518115539104,5
107.9251985065639,225.3199944468215,5
108.37437860562932,226.14507981878705,5
108.82355861808173,226.97016521543264,5
109.2727385420585,227.79525063442998,5
109.72191838163417,228.62033607880585,5
110.17078774573747,229.44568483135663,5
110.61919807153754,230.27142291492783,5
111.06760831095744,231.09716102224775,5
111.51601846166886,231.92289915285073,5
111.96442852611654,232.74863730883226,5
112.41162975493353,233.57539741508663,5
112.85878705373034,234.40219461289234,5
113.30594426591415,235.2289918337483,5
113.75179068779107,236.0568897454068,5
114.19608470168896,236.8860912481323,5
114.63894895056728,237.71647364879027,5
115.07601781922858,238.5516428228002,5
115.51197991252411,239.38770953542553,5
115.94515294558369,240.22603810252622,5
116.37832589424215,241.06436669337563,5
116.80995651695412,241.9039335574489,5
117.24093387578614,242.74402487534098,5
117.67191115033347,243.58411621698178,5
118.10196802008431,244.42494196840562,5
118.53141102008522,245.2662575226277,5
118.96085393370595,246.10757310129702,5
119.39014217013028,246.94901149556972,5
119.81833030341659,247.79132366436534,5
120.24651835032273,248.63363585504703,5
120.67470631562173,249.47594806714915,5
121.10240310244262,250.31864882004447,5
121.52941966138314,251.16188768087886,5
121.95643613603897,252.00512656243518,5
122.38345252524596,252.8483654644806,5
122.809686423745,253.69222092512064,5
123.23547049704939,254.5364307994023,5
123.66125448886305,255.38064069789834,5
124.08703839720692,256.22485061571933,5
124.51149055198766,257.0701052641962,5
124.93582240212709,257.91545424447395,5
125.36015417135786,258.76080324780196,5
125.78369292453863,259.6067708740011,5
126.20610353653319,260.45361857349053,5
126.6285140629625,261.30046629556455,5
127.05014388775453,262.14791818498634,5
127.46964770939667,262.9970154229086,5
127.88915144838393,263.8461126796901,5
128.30388860451058,264.6988355424255,5
128.71584357891697,265.5536745968275,5
129.1253606621176,266.41031558066607,5
129.52766291773878,267.2722893625032,5
129.92996509291697,268.1342631652951,5
130.32548655872233,269.0010993361939,5
130.71938918938395,269.86909632664174,5
131.1108204392949,270.7388184594456,5
131.4972086949274,271.6120608828496,5
131.88359687221237,272.4853033237159,5
132.26409521861933,273.3625573765021,5
132.64356052095536,274.2405150155537,5
133.0203474634327,275.12025509774685,5
133.39322375075426,276.00259773409925,5
133.76590758841485,276.8850655471906,5
134.1322735415306,277.7716438344214,5
134.49863941746298,278.6582221374847,5
134.85993893735576,279.54802152258344,5
135.21958172984887,280.4388741974253,5
135.57474175386596,281.332507397281,5
135.92706227954477,282.22790184104815,5
136.2739422613522,283.12657725950703,5
136.61774961499032,284.02710564341396,5
136.9506025244482,284.93399336514995,5
137.2817863788223,285.84184998995624,5
137.60213506151922,286.75573040149175,5
137.9224089133786,287.6696523888968,5
138.23667101492174,288.586800083518,5
138.54893362650182,289.5050206228625,5
138.85959820752032,290.42407468077727,5
139.16503548342735,291.34585531405173,5
139.47047269449104,292.2676359573379,5
139.77237298712134,293.1912142781075,5
140.0712471010629,294.11633068625815,5
140.3701211498119,295.04144710558467,5
140.66367860836908,295.9691947128158,5
140.95555185666308,296.89777582441457,5
141.24742504337337,297.82635694975033,5
141.53117934591137,298.7588359869551,5
141.8148542480776,299.691353127826,5
142.09510121075436,300.62545441277325,5
142.36826546711382,301.5628288355656,5
142.6414296698058,302.500203266507,5
142.9017855557613,303.4431896456517,5
143.16007817804348,304.38708002725616,5
143.40192671201658,305.3375874334015,5
143.63637840666343,306.2910712871235,5
143.83920644782484,307.25561534659937,5
144.03023649775423,308.2238500472158,5
144.20547343732323,309.1967961122282,5
144.37191176449414,310.17210511211306,5
144.53749923652504,311.1476495694369,5
144.70548569236416,312.12256438541226,5
144.89116878353525,313.09248450631276,5
145.1004430949688,314.05464551760815,5
145.34650957235135,315.00278959353454,5
145.6524228529306,315.9231923993211,5
146.05457400612067,316.7833243145142,5
146.59452740242705,317.5124590112828,5
147.25800818495918,318.0670130075887,5
147.89165007171687,318.6639420723077,5
148.39386746671516,319.43331372807734,5
148.77050837886054,320.309447045438,5
149.04739964858163,321.2431100544054,5
149.2515046360204,322.2063852394931,5
149.40351308952086,323.1851800752338,5
149.50608567486051,324.17391994944774,5
149.5813080695225,325.16613390063867,5
149.63874268671498,326.16027164575644,5
149.6750107149128,327.1559840084519,5
149.69913635600824,328.1521575935185,5
149.71674056444317,329.1485788929276,5
149.73434477311093,330.14500019163825,5
149.75194898166228,331.14142149104737,5
149.71667925524525,332.14591082092375,6
149.71826703369152,332.3452698588371,6
149.71985481213778,332.54462889791466,6
149.72144259058405,332.7439879369922,6
149.7230303689139,332.9433469744399,6
149.72461814782582,333.1427060137503,6
149.72616964345798,333.34206534014083,6
149.72771509143058,333.5414247168228,6
149.72926053695846,333.7407840937376,6
149.73080598481465,333.94014346878976,6
149.732351432438,334.13950284500606,6
149.73389687843155,334.33886222098954,6
149.73544232419226,334.53822159813717,6
149.73698777449317,334.73758097342215,6
149.73853322025388,334.9369403512683,6
149.74007866636384,335.13629972725175,6
149.74162411445286,335.3356591037009,6
149.74316956289113,335.53501847968437,6
149.74471500935033,335.7343778575305,6
149.7462604577886,335.9337372351438,6
149.74790764949284,336.13309575617313,6
149.74960566672962,336.33245385135524,6
149.75130368419923,336.53181194653735,6
149.7530017013196,336.7311700412538,6
149.7546997189056,336.9305281350389,6
149.75639773637522,337.12988623138517,6
149.7580957537284,337.3292443268001,6
149.75979377375916,337.5286024224479,6
149.7614917891333,337.72796051809564,6
149.76318980916403,337.9273186137434,6
149.76488782453816,338.1266767086927,6
149.7665858444525,338.32603480503894,6
149.76828386029229,338.52539290091954,6
149.76998188055586,338.724750995636,6
149.77167989860754,338.92410909291357,6
149.7733779165428,339.1234671880957,6
149.7753277309239,339.32282271119766,6
149.77733702294063,339.52217762568034,6
149.7793463121634,339.72153253946453,6
149.7813556017354,339.9208874544129,6
149.78336489142384,340.12024236796424,6
149.78537418111227,340.3195972829126,6
149.78738347056787,340.51895219949074,6
149.78939276060555,340.71830711420625,6
149.79140205250587,340.91766202868894,6
149.7934113421943,341.11701694340445,6
149.79542063211557,341.31637185881846,6
149.79742992203683,341.5157267728355,6
149.79943921172526,341.71508169011213,6
149.80144850164652,341.9144366050605,6
149.8034577916842,342.1137915193103,6
149.8054670841666,342.3131464344915,6
149.80752144288272,342.51250074687414,6
149.81002132641152,342.71184910438024,6
149.8125212121522,342.91119746281765,6
149.81502109533176,343.1105458200909,6
149.81752098095603,343.3098941768985,6
149.82002086704597,343.5092425334733,6
149.82252075022552,343.7085908912122,6
149.82502063375432,343.9079392494168,6
149.82752051984426,344.10728760715574,6
149.8300204052357,344.3066359651275,6
149.83252028888091,344.5059843226336,6
149.83502017485444,344.7053326794412,6
149.83752005838323,344.9046810369473,6
149.84001994424034,345.1040293944534,6
149.84251983009744,345.30337775405496,6
149.84501971374266,345.50272611156106,6
149.84751959727146,345.7020744693,6
149.85026014142204,345.90141844493337,6
149.85350251605269,346.1007532849908,6
149.85674489091616,346.3000881234184,6
149.85998726810794,346.4994229634758,6
149.86322964297142,346.6987578016706,6
149.8664720178349,346.8980926410295,6
149.86971439502668,347.09742747968994,6
149.87295676930808,347.2967623206787,6
149.87619914649986,347.49609715887345,6
149.87944152136333,347.6954319984652,6
149.88268389576115,347.8947668385226,6
149.88592627295293,348.09410167695023,6
149.88916864735074,348.293436516542,6
149.89241102221422,348.4927713563666,6
149.89565339672845,348.6921061957255,6
149.8988957736874,348.8914410355501,6
149.90250186854973,349.0907665384002,6
149.90690277377144,349.29007163690403,6
149.91130368132144,349.48937673540786,6
149.9157045885222,349.688681833446,6
149.92010549351107,349.8879869321827,6
149.92450640071183,350.0872920306865,6
149.9289073079126,350.286597129656,6
149.93330821278505,350.485902227927,6
149.9377091198694,350.6852073268965,6
149.9421100267209,350.88451242633164,6
149.94651093136054,351.083817524137,6
149.95091183797922,351.2831226235721,6
149.95531274483074,351.4824277225416,6
149.95971364923753,351.6817328215111,6
149.9641145557398,351.88103792257607,6
149.97022638423368,352.0802780785598,6
149.97659576730803,352.2795084612444,6
149.98296515014954,352.47873884346336,6
149.98933453077916,352.67796922661364,6
149.99570391338784,352.8771996081341,6
150.0020732957637,353.0764299915172,6
150.00844267813955,353.27566037443466,6
150.0148120606318,353.47489075688645,6
150.02118144230917,353.67412113933824,6
150.02755082421936,353.87335152341984,6
150.0339202057803,354.0725819049403,6
150.04028958734125,354.27181228855625,6
150.0498124700971,354.47084941808134,6
150.06014067016076,354.6698371935636,6
150.0704688723199,354.8688249681145,6
150.08079707424622,355.0678127463907,6
150.0911252752412,355.26680052257143,6
150.10145347635262,355.465788297588,6
150.11178167699836,355.6647760756314,6
150.12210987496655,355.86376385064796,6
150.1324380749138,356.06275162869133,6
150.14631220244337,356.26141150062904,6
150.16058016603347,356.46003495389596,6
150.17484812939074,356.6586584071629,6
150.18911609204952,356.85728185949847,6
150.20338405424263,357.0559053113684,6
150.21765201340895,357.254528765101,6
150.23202887142543,357.45314009161666,6
150.24712037632708,357.651671835687,6
150.26221188087948,357.8502035806887,6
150.27730338496622,358.0487353254575,6
150.29239488602616,358.2472670695279,6
150.30748638883233,358.4457988142967,6
150.32257789140567,358.6443305592984,6
150.3395368665224,358.8426330694929,6
150.3566674280446,359.0409145166632,6
150.37379799142946,359.2391959640663,6
150.3909285516711,359.4374774112366,6
150.40805911377538,359.63575886096805,6
150.4260985486908,359.8339081166778,6
150.44686733698472,360.0316604024265,6
150.46763612655923,360.2294126879424,6
150.48840491496958,360.4271649734583,6
150.50917370291427,360.6249172601383,6
150.53070160700008,360.8225302838255,6
150.5572543720482,361.0192214800045,6
150.58380713593215,361.215912676882,6
150.61035989888478,361.412603874458,6
150.63691266055685,361.6092950713355,6
150.66828618058935,361.8048148935195,6
150.70354547782335,361.9993905269075,6
150.7388047692366,362.193966160994,6
150.7740640611155,362.38854179531336,6
150.81571983138565,362.5809799656272,6
150.86366594803985,362.7713161353022,6
150.91161206713878,362.961652306607,6
150.95955818204675,363.151988476282,6
151.02465127571486,363.33418681658804,6
151.09049209672958,363.5160302880686,6
151.15633291297127,363.69787376350723,6
151.24288545933086,363.8652675100602,6
151.3324968967354,364.0305271956604,6
151.4266892860178,364.1908622884657,6
151.54397384636104,364.3263729715254,6
151.661258402979,364.4618836552836,6
151.78516844438855,364.58755553280935,6
151.91175037343055,364.7092596725561,6
152.03197079862002,364.83997879805975,6
152.1441549565643,364.9820862528868,6
152.2501318292925,365.1305555549916,6
152.33964626304805,365.2958972174674,6
152.42916069354396,365.4612388834357,6
152.49548826366663,365.6426757329609,6
152.5608155017253,365.8248069656547,6
152.62211698375177,366.00880616228096,6
152.66834642982576,366.19979884848,6
152.71457587601617,366.3907915337477,6
152.76080531813204,366.5817842199467,6
152.7975387951592,366.7758089557756,6
152.83109561016317,366.970847992925,6
152.86465242377017,367.16588703286834,6
152.89820923574734,367.3609260711819,6
152.92932400095742,367.55653378670104,6
152.95514506811742,367.75337423942983,6
152.9809661321342,367.9502146921586,6
153.0067871969659,368.1470551469829,6
153.0326082565589,368.343895600643,6
153.05842931976076,368.5407360540703,6
153.08122851653025,368.7381285065785,6
153.10253842524253,368.9357930016704,6
153.12384833570104,369.1334574983921,6
153.14515824511182,369.3311219944153,6
153.16646815370768,369.52878649067134,6
153.18777806137223,369.7264509878587,6
153.20908796810545,369.9241154838819,6
153.22893376636785,370.12200589245185,6
153.24773087515496,370.320058115758,6
153.26652798336,370.5181103388313,6
153.2853250906337,370.7161625616718,6
153.30412219499703,370.91421478497796,6
153.32291930075735,371.1122670066543,6
153.34171640570275,371.3103192313574,6
153.3605135101825,371.50837145280093,6
153.37931061373092,371.7064236763399,6
153.39703676837962,371.90462481440045,6
153.41454403672833,372.1028563871514,6
153.43205130414572,372.30108796223067,6
153.44955857109744,372.4993195356801,6
153.46706583944615,372.6975511100609,6
153.4845731050009,372.895782685373,6
153.50208036985714,373.0940142595209,6
153.51958763389848,373.292245833436,6
153.53709489735775,373.4904774071183,6
153.55460216011852,373.6887089824304,6
153.57177492429037,373.8869830116164,6
153.58753604860976,374.08543621073477,6
153.60329717455897,374.2838894093875,6
153.6190582999261,374.4823426071089,6
153.63481942447834,374.6807958071586,6
153.6505805485649,374.8792490051128,6
153.6663416721858,375.0777022028342,6
153.68210279277992,375.27615540265106,6
153.69786391512025,375.4746086024679,6
153.71362503664568,375.6730618008878,6
153.72938615782186,375.87151499977335,6
153.74479623010848,376.0700059107039,6
153.75740300444886,376.2687979671173,6
153.77000978030264,376.46759002353065,6
153.78261655336246,376.666382079944,6
153.79522332607303,376.86517413775437,6
153.80783010064624,377.06396619277075,6
153.8204368724255,377.26275825104676,6
153.83304364373907,377.4615503065288,6
153.84565041447058,377.66034236503765,6
153.85825718729757,377.8591344221495,6
153.87086395733058,378.0579264780972,6
153.88018386170734,378.25698527810164,6
153.88931150210556,378.4560596810188,6
153.89843914227095,378.65513408510014,6
153.90756678231992,378.85420848662034,6
153.91669442213606,379.05328289070167,6
153.92582206137013,379.25235729431733,6
153.93494970025495,379.451431696536,6
153.94407733913977,379.650506099686,6
153.9532049774425,379.8495805035345,6
153.96116288937628,380.0487177881878,6
153.9668223937042,380.247978632804,6
153.9724819024559,380.4472394771874,6
153.9781414088793,380.6465003241319,6
153.98380091506988,380.84576116665266,6
153.98946042358875,381.0450220115017,6
153.9951199295465,381.2442828568164,6
154.00077943562064,381.443543700967,6
154.00643894134555,381.6428045465145,6
154.01209844695404,381.8420653915964,6
154.01488929986954,382.0414067078382,6
154.0174787781434,382.2407536751125,6
154.0200682587456,382.440100640757,6
154.0226577371359,382.63944760663435,6
154.02524721773807,382.8387945727445,6
154.0278366963612,383.03814153932035,6
154.03042617696337,383.23748850403354,6
154.0330156557029,383.436835471075,6
154.03560513653792,383.6361824371852,6
154.037289234926,383.83553548087366,6
154.03751291171648,384.0348983295262,6
154.0377365888562,384.2342611772474,6
154.03796026844066,384.43362402450293,6
154.0381839479087,384.6329868712928,6
154.03840762528125,384.83234972087666,6
154.03863130311947,385.031712569762,6
154.03885498293675,385.23107541701756,6
154.0390786608914,385.4304382666014,6
154.03930234105792,385.6298011133913,6
154.03902044694405,385.8291596281342,6
154.0377142544603,386.02850936120376,6
154.03640806651674,386.22785909543745,6
154.0351018741494,386.4272088278085,6
154.03379568445962,386.626558562275,6
154.03248949500266,386.8259082955774,6
154.03118330531288,387.0252580293454,6
154.02987711387686,387.2246077635791,6
154.028570925002,387.42395749804564,6
154.0272647360107,387.6233072306495,6
154.02595854527317,387.82265696511604,6
154.02433672815096,388.0220011845231,6
154.02229284483474,388.22133803064935,6
154.0202489637304,388.4206748784054,6
154.01820508076344,388.6200117242988,6
154.01616120024119,388.8193485706579,6
154.01411731773987,389.0186854179483,6
154.0120734355878,389.21802226407453,6
154.01002955576405,389.41735911089927,6
154.00798567419406,389.6166959584225,6
154.00594179495238,389.8160328050144,6
154.00389791361522,390.0153696513735,6
154.0018540325109,390.21470649936236,6
153.99977821775246,390.4140426835511,6
153.99763647455256,390.6133775005583,6
153.9954947317019,390.8127123164013,6
153.99335298885126,391.0120471329428,6
153.991211248911,391.2113819506485,6
153.9890695066424,391.4107167669572,6
153.98692776705138,391.6100515834987,6
153.98478602524847,391.8093863998074,6
153.9826442839112,392.0087212168146,6
153.9805025429232,392.20805603498593,6
153.9783608041471,392.40739085152745,6
153.9762190633919,392.6067256699316,6
153.97407732275315,392.806060486706,6
153.97193558246363,393.0053953034803,6
153.97003624856006,393.2047349025961,6
153.96825201518368,393.4040767743718,6
153.96646778436843,393.60341864684597,6
153.96468354936223,393.80276051699184,6
153.9628993186634,394.00210238969885,6
153.96111508633476,394.20144425868057,6
153.95933085423894,394.4007861316204,6
153.95754662214313,394.60012800386176,6
153.9557623906294,394.7994698744733,6
153.95397815888282,394.99881174671464,6
153.95219392736908,395.1981536182575,6
153.95040969655383,395.3974954893347,6
153.94862546562217,395.5968373627402,6
153.94684123492334,395.79617923288606,6
153.94505700434092,395.9955211051274,6
153.94328344857786,396.19486316875555,6
153.94157815654762,396.3942064633593,6
153.93987286486663,396.5935497584287,6
153.93816757085733,396.7928930525668,6
153.93646227929275,396.9922363467049,6
153.93475698807742,397.19157964130864,6
153.93305169732776,397.3909229366109,6
153.9313464065781,397.59026623074897,6
153.929641115712,397.7896095253527,6
153.9279358255444,397.98895282065496,6
153.9262305352604,398.18829611572437,6
153.92452524555847,398.3876394110266,6
153.92281995574012,398.58698270493187,6
153.92111466417555,398.7863260000013,6
153.91940937493928,398.9856692953035,6
153.917704085703,399.18501259060577,6
153.91563047014643,399.3843487193808,6
153.91347882791888,399.58368332870305,6
153.91132718592416,399.7830179382581,6
153.90917554416228,399.9823525478132,6
153.90702390274964,400.1816871580668,6
153.904872261337,400.38102176669054,6
153.90272062062286,400.5803563767113,6
153.90056897955947,400.7796909864992,6
153.89841733884532,400.97902559651993,6
153.89626569871325,401.1783602081705,6
153.89411405858118,401.37769481819123,6
153.89196241891477,401.5770294275135,6
153.88981077913195,401.77636403846554,6
153.88722946448252,401.9756887105759,6
153.8845886401832,402.1750120050274,6
153.8819478180958,402.37433529947884,6
153.87930699414574,402.57365859509446,6
153.87666617298964,402.7729818893131,6
153.87402534950525,402.9723051849287,6
153.8713845286984,403.17162848101,6
153.86874370812438,403.3709517749958,6
153.8661028855713,403.57027507107705,6
153.86346206336748,403.76959836669266,6
153.86082124337554,403.9689216625411,6
153.85769942984916,404.16823195503093,6
153.85455300600734,404.3675415799953,6
153.8514065806521,404.5668512075208,6
153.84826015529688,404.7661608350463,6
153.84511373064015,404.965470460942,6
153.8419673080789,405.1647800875362,6
153.8388208837714,405.3640897134319,6
153.83567445946392,405.5633993393276,6
153.8325280357385,405.7627089675516,6
153.8290545672644,405.9620085051283,6
153.8254414369585,406.16130373138003,6
153.82182830700185,406.3605989594944,6
153.81821517727803,406.5598941866774,6
153.81460204778705,406.7591894157231,6
153.8109889208572,406.95848464244045,6
153.8073757898528,407.1577798714861,6
153.80376266373787,407.35707509936765,6
153.79988631850574,407.5563613779377,6
153.7959371798206,407.75564517849125,6
153.79198804171756,407.9549289809074,6
153.78803890384734,408.1542127840221,6
153.78408976877108,408.3534965866711,6
153.78014063171577,408.55278038815595,6
153.77619149244856,408.7520641910378,6
153.77216663805302,408.95134529285133,6
153.76812903571408,409.1506259399466,6
153.76409143570345,409.34990658657625,6
153.76005383371376,409.5491872327402,6
153.75601623242255,409.7484678821638,6
153.75197863136418,409.9477485297248,6
153.74808753735851,410.1470343070105,6
153.7443046065746,410.3463238715194,6
153.74052167369518,410.545613437891,6
153.73673874372616,410.74490300402977,6
153.73295581154525,410.94419256947003,6
153.7291728821583,411.14348213514313,6
153.72575265611522,411.34278317634016,6
153.7225759420544,411.5420919226017,6
153.71939922799356,411.74140066839755,6
153.71622251416557,411.9407094127964,6
153.71304580091964,412.1400181595236,6
153.70986908779014,412.33932690531947,6
153.7071890870575,412.538648521062,6
153.70486613502726,412.737979385769,6
153.70254318101797,412.9373102488462,6
153.70022022980265,413.1366411135532,6
153.6978972760262,413.3359719782602,6
153.69557432527654,413.53530284389853,6
153.6936386373127,413.7346392176114,6
153.69343871274032,413.93400028161705,6
153.69323879061267,414.1333613463212,6
153.69303886860143,414.3327224093955,6
153.69283894705586,414.5320834715385,6
153.69263902516104,414.7314445369411,6
153.69243910373189,414.9308056021109,6
153.69437348854262,415.1301601093728,6
153.69645878812298,415.32951415353455,6
153.6985440874705,415.52886819746345,6
153.7006293849554,415.72822224139236,6
153.70271468663123,415.9275762841571,6
153.70469620416407,416.12693150155246,6
153.70659020531457,416.3262877056841,6
153.70848420704715,416.5256439081859,6
153.7103782107588,416.72500011278316,6
153.71227221214212,416.92435631435364,6
153.7103512585163,417.1236910263542,6
153.70812373422086,417.32302400749177,6
153.70589620782994,417.5223569907248,6
153.7036682049511,417.721689943457,6
153.69127730210312,417.92039511934854,6
153.67888640007004,418.1191002961714,6
153.66649549885187,418.3178054727614,6
153.6414709551027,418.51427291543223,6
153.61031182855368,418.7096537705511,6
153.5791527085239,418.9050346268341,6
153.52442949695978,419.0915117224213,6
153.46476634696592,419.2761222466361,6
153.39527001196984,419.4539060371462,6
153.30207637918647,419.6152378679253,6
153.2088827478001,419.77656970056705,6
153.09199263725895,419.9104554299265,6
152.97059816413093,420.0391240424942,6
152.84581139078364,420.1617059300188,6
152.70707816595677,420.25926405447535,6
152.568344946485,420.35682217939757,6
152.42892605438828,420.45269115874544,6
152.28379513137043,420.53448868263513,6
152.13866421149578,420.61628620838746,6
151.99353329418227,420.69808373670094,6
151.84759251074865,420.77758907712996,6
151.70122849091422,420.85589651134796,6
151.55486447375733,420.93420394696295,6
151.40851289813872,421.0125474478118,6
151.2622502206359,421.09114861278795,6
151.1159875455778,421.1697497784626,6
150.9697248734301,421.24835095065646,6
150.82430764695164,421.32932445406914,6
150.67949536140077,421.4119954237249,6
150.5346830758499,421.4946663968731,6
150.3902382022934,421.5782806794159,6
150.24863293603994,421.66918559069745,6
150.107027675258,421.7600905050058,6
149.96542241529096,421.8509954207111,6
149.82850937382318,421.9522960369941,6
149.692843848723,422.05636055069044,6
149.55717832921073,422.1604250653181,6
149.42862331215292,422.27722500264645,6
149.30357490852475,422.40030553215183,6
149.1785265088547,422.5233860651497,6
149.06832973856945,422.66627943119965,6
148.96203280671034,422.8143753784243,6
148.86058181652334,422.9667234644294,6
148.78572996449657,423.1424113626126,6
148.71087811572943,423.3180992612615,6
148.66686495696194,423.50748453848064,6
148.63716231449507,423.70322600356303,6
148.61164210853167,423.89963559852913,6
148.60211494809482,424.0986000262201,6
148.5925877909176,424.29756445693783,6
148.5738614781294,424.4953580806032,6
148.552226047148,424.69278145278804,6
148.5220700269565,424.8881427985616,6
148.48427235882264,425.08165482711047,6
148.4375691160094,425.27163810119964,6
148.38024546846282,425.4574131341651,6
148.31288088136353,425.6372254025191,6
148.23465101001784,425.8105853754096,6
148.14623052836396,425.9754281579517,6
148.04846015782095,426.13245641835965,6
147.94276742637157,426.28062278567813,6
147.82896821387112,426.4197213081643,6
147.7114533155691,426.55349616659805,6
147.5858001987217,426.67561095720157,6
147.46014708525036,426.7977257485036,6
147.3271124844905,426.90683127287775,6
147.19326644728426,427.0145067078993,6
147.05839333857875,427.12003819528036,6
146.9190883829724,427.21631849370897,6
146.77978342794813,427.3125987953972,6
146.6402494070353,427.40834650653414,6
146.49895835248753,427.50000912626274,6
146.3576673034113,427.5916717494838,6
146.21650854451582,427.68364712106995,6
146.0761394451838,427.7774893688038,6
145.93577034887858,427.8713316193316,6
145.79767447058111,427.9702210712712,6
145.66048667696305,428.07112673530355,6
145.5288703389233,428.18275612336583,6
145.40124357992318,428.30119640170597,6
145.28683334670495,428.43950866069645,6
145.19242646580096,428.5987928227987,6
145.12054236163385,428.77505429671146,6
145.06986919196788,428.9632579672616,6
145.03873454011045,429.1586450044997,6
145.02052894374356,429.3564465078525,6
145.0059240780538,429.5549005707726,6
144.99890157731716,429.75403869664297,6
144.99187907937448,429.9531768208835,6
144.98671206249855,430.152409725124,6
144.9818269709358,430.351657029707,6
144.97730751603376,430.5509189828299,6
144.97308768949006,430.7501929413993,6
144.96905402594712,430.9494734706823,6
144.96538293524645,431.14876679563895,6
144.9617936060531,431.34806270571426,6
144.95851778495125,431.54736851877533,6
144.95526809373405,431.74667509435676,6
144.9522060941672,431.94598715170287,6
144.94914511288516,432.14529923559166,6
144.94610156142153,432.3446118144784,6
144.9430580100743,432.543924392201,6
144.93984445289243,432.7432320583612,6
144.9366266473662,432.94253960065544,6
144.93311142513994,433.1418379393872,6
144.92954510101117,433.3411346953362,6
144.92565457173623,433.5404203450307,6
144.9215957701672,433.73970023402944,6
144.9175369683653,433.9389801225625,6
144.91347816656344,434.1382600113284,6
144.9094193649944,434.33753990009427,6
144.90536056342535,434.53681978886016,6
144.9013017617399,434.73609967762604,6
144.897242959938,434.93537956662476,6
144.89318415813614,435.13465945539065,6
144.8891253565671,435.3339393436909,6
144.88506655499805,435.5332192329224,6
144.881007753429,435.7324991216883,6
144.8769489515107,435.931779010687,6
144.87289014982525,436.1310588987544,6
144.8688313481398,436.3303387872875,6
144.78198465530295,437.7107337457128,7
144.78688092983793,438.70732470136136,7
144.79173281858675,439.7039158071857,7
144.79652560665272,440.70050710230134,7
144.80121332453564,441.697098728735,7
144.80590104451403,442.69369035749696,7
144.81037699605804,443.6902825899888,7
144.81482812017202,444.68687489791773,7
144.81917816086207,445.68346744659357,7
144.8232912843814,446.6800605652388,7
144.82740441244096,447.6766536841169,7
144.83115724055097,448.6732474316377,7
144.83476823929232,449.6698414266575,7
144.83814039523713,450.6664355942048,7
144.84094435174484,451.663030163385,7
144.84348023484927,452.65962444106117,7
144.84479296510108,453.6562173808925,7
144.83602106454782,454.6526323049329,7
144.81379241892137,455.6486421707086,7
144.76101941929664,456.64281415822916,7
144.6854148877319,457.63440645253286,7
144.59077837131917,458.62336479127407,7
144.47438603884075,459.6087594379205,7
144.32908696855884,460.58795332722366,7
144.16254936135374,461.56159628159367,7
143.97221377980895,462.5282907143701,7
143.7542963877786,463.48584010638297,7
143.50032215134706,464.42934617679566,7
143.20293099444825,465.35252264374867,7
142.85156284843106,466.2451781181153,7
142.4321229206398,467.09026464400813,7
141.95628545596264,467.8868313229177,7
141.42599163705017,468.6274781974498,7
140.84450987086166,469.3055620940868,7
140.21398637804668,469.9115468414966,7
139.55101627483964,470.46085064229555,7
138.86351122392807,470.9612137225922,7
138.15511386143044,471.4131820835173,7
137.40987871855032,471.76141356723383,7
136.64803168736398,472.0489588449709,7
135.87607231293805,472.29173631290905,7
135.09752737055533,472.50030967849307,7
134.31304557889234,472.6713165345136,7
133.52559282211587,472.81907473062165,7
132.73600942478515,472.94860102259554,7
131.94401487952564,473.0542016180698,7
131.1505244578002,473.1401405900251,7
130.3563080293825,473.2165370110888,7
129.56063025060575,473.26540143438615,7
128.76477526780218,473.3086693997029,7
127.9682654888602,473.3310316144489,7
127.17171281413175,473.3398040384054,7
126.37506492703687,473.31841531558894,7
125.5784567813389,473.29466077289544,7
124.78190953715239,473.2672812950332,7
123.98545246978756,473.23573957942426,7
123.18906093982514,473.20136808254756,7
122.39280678913929,473.16182307573035,7
121.59668705170043,473.11797543941066,7
120.80069656088017,473.0703224281315,7
120.00483613577671,473.01911496254615,7
119.20906742976513,472.9655512913596,7
118.41329781885725,472.9120137197897,7
117.61739257350564,472.862023655558,7
116.82161970634479,472.8087056193035,7
116.02769712172449,472.7227608694229,7
115.23959992674645,472.5750432596542,7
114.46673828945495,472.33391813840717,7
113.73274597141426,471.9472165729385,7
113.08853606984485,471.3617083779536,7
112.56278164975811,470.61109203635715,7
111.99933277338278,469.9054227073211,7
111.3451803381322,469.33753376151435,7
110.6161669070134,468.93850041064434,7
109.84381765732542,468.6955542922951,7
109.053619452985,468.56917411694303,7
108.25722100574058,468.5371005679481,7
107.46045097813476,468.53796808444895,7
106.66368581703864,468.54006901499815,7
105.8669241736643,468.5429056249559,7
105.07016482937615,468.5461834394373,7
104.27340693294536,468.54972794721834,7
103.47664980369154,468.5534089244902,7
102.6798927357886,468.5571009668056,7
101.88313448172994,468.5605829488486,7
101.08637427166104,468.5637006540783,7
100.28961114934646,468.5662304572761,7
99.49284390930552,468.56780514353886,7
98.696076669381,468.56937983073294,7
97.89930942934006,468.5709545169957,7
97.10254218929913,468.5725292034913,7
96.0517637252342,468.60064120567404,8
95.00098526151851,468.62875320762396,8
94.20424168277532,468.634504791582,8
93.40749204985332,468.63864272250794,8
92.61071451893076,468.63534831558354,8
91.81393698579632,468.6320539857261,8
91.0171968556242,468.62118723639287,8
90.22048167930916,468.6052679112181,8
89.42376649857033,468.5893486617133,8
88.62734299886506,468.55646356381476,8
87.83093565085437,468.5226385137066,8
87.03486411774065,468.47924882685766,8
86.23939309525304,468.41875532781705,8
85.44392206007615,468.35826190561056,8
84.65110247512348,468.25589828263037,8
83.85836642701179,468.15221527405083,8
83.07400934421457,467.97502511995845,8
82.301512878621,467.73995513119735,8
81.5636987441685,467.3640887166839,8
80.86566795955878,466.88336398336105,8
80.21722354891244,466.30367413559,8
79.62579342874233,465.63478282815777,8
79.1045440529706,464.88002308947034,8
78.65519135445356,464.05596528574824,8
78.2893583457917,463.1702014694456,8
78.14751227013767,462.1961377328262,8
78.11252015421633,461.20057143527083,8
78.10094684211072,460.2040874809027,8
78.1000638033729,459.20749828685075,8
78.10760297789238,458.21098685939796,8
78.11753180087544,457.21452244883403,8
78.12954161001835,456.2180989871267,8
78.14287109696306,455.2217076716479,8
78.15625142061617,454.2253175394144,8
78.16885525418911,453.22890813159756,8
78.18038207606878,452.23247542092577,8
78.18982582201716,451.23599763936363,8
78.19623421772849,450.2394751457032,8
78.20004131132737,449.2429143297486,8
78.20783016493078,448.2464106194675,8
78.21677704807371,447.2499235193245,8
78.22812782856636,446.2534942929633,8
78.24433188454714,445.25718190637417,8
78.2605359457666,444.2608695209492,8
78.27674001653213,443.26455713575706,8
78.29491580883041,442.2683080197312,8
78.31406534241978,441.27209014748223,8
78.33321488450747,440.2758722763974,8
78.35236443416215,439.27965440717526,8
78.37166250811424,438.28344181762077,8
78.39225287432782,437.287275145296,8
78.41284324892331,436.2911084741354,8
78.43343363155145,435.29494180716574,8
78.45402402244508,434.29877513996325,8
78.47461442195345,433.3026084743906,8
78.49584510852583,432.3064656262286,8
78.51711216813419,431.3103241310455,8
78.53837923600804,430.3141826398205,8
78.55964631296229,429.31804114882834,8
78.58091340016108,428.3218996585347,8
78.60225648805499,427.3257610495202,8
78.62367173226085,426.32962516881526,8
78.64508698717691,425.3334892897401,8
78.6665022505913,424.33735341439024,8
78.68791752017569,423.34121753973886,8
78.70929005532525,422.34508005622774,8
78.73034084727988,421.34893045248464,8
78.75139165017754,420.352780852234,8
78.77244246134069,419.35663125128485,8
78.79349327855743,418.3604816524312,8
78.81446510308888,417.3643291706685,8
78.83443684095982,416.36814014497213,8
78.85440858697984,415.3719511225354,8
78.87438034138177,414.37576210149564,8
78.89435210358351,413.37957308092155,8
78.91257786983624,412.3833251928445,8
78.93003680137917,411.3870514493901,8
78.94749574293382,410.39077770872973,8
78.96285978611559,409.3944491066504,8
78.97324512340128,408.39799012057483,8
78.98253911873326,407.40151350805536,8
78.98721398727503,406.4049622917082,8
78.99594530055765,405.408478558762,8
79.0069471381139,404.4120325988624,8
79.02123118529562,403.41566872713156,8
79.03657301806379,402.4193313117139,8
79.05408821173478,401.4230616169516,8
79.07291885500308,400.4268329106271,8
79.0927959701512,399.430642303545,8
79.11482050595805,398.43452988006175,8
79.13684505491983,397.43841745937243,8
79.16200647840742,396.4424351975322,8
79.1873094451148,395.44645881280303,8
79.21484507923014,394.4505873862654,8
79.24388802447356,393.45478682103567,8
79.2745143492939,392.45907124341466,8
79.30829012149479,391.4635247110855,8
79.34378272213507,390.46808578656055,8
79.38426469522528,389.472959583858,8
79.429660355323,388.478209838504,8
79.48111704853363,387.48392444942147,8
79.54826062056236,386.49117215164006,8
79.62147999252193,385.4991309887264,8
79.69829087343533,384.5075180181302,8
79.777597722481,383.5162217083853,8
79.8561487965053,382.52482825075276,8
79.93424268136732,381.5333764043171,8
80.00755780702457,380.5413330825977,8
80.07839571358636,379.549009115668,8
80.14337864995468,378.5560218368191,8
80.2020830506226,377.562423594296,8
80.25523476779927,376.56828502356075,8
80.29688700579572,375.57327656890266,8
80.33444492064882,374.57795840129256,8
80.353374589351,373.58175110886805,8
80.36727954132948,372.585437387228,8
80.36008121701889,371.58885832712986,8
80.34952848218381,370.5923247516621,8
80.33393688173965,369.5958595001139,8
80.32691243197769,368.59930381714366,8
80.3244220073102,367.6027173057664,8
80.33342905587051,366.60623143217526,8
80.34904675174039,365.6099339143839,8
80.37147698772606,364.6138440743089,8
80.40668889216613,363.61838162573986,8
80.45166235533543,362.623613164993,8
80.50779402814806,361.62979313498363,8
80.57794568745885,360.63742730068043,8
80.66649331478402,359.64745471510105,8
80.78083570871968,358.6618033677805,8
80.93426389736123,357.68483293568715,8
81.1331708348589,356.7209001509473,8
81.37123319064267,355.77100062649697,8
81.64523947774433,354.83644536160864,8
81.95583581656683,353.9200810850598,8
82.30486098886468,353.0257916357368,8
82.69688857335132,352.16008475702256,8
83.13957637734711,351.333910435671,8
83.64355377247557,350.5654648686759,8
84.21159530524164,349.8701423034072,8
84.81708810653072,349.2252317969687,8
85.44405826216098,348.6131953666918,8
86.09137809986714,348.0351383588277,8
86.75832248164807,347.49295289069414,8
87.44441722671036,346.9893315078225,8
88.14965120248962,346.5286911271978,8
88.8738848461071,346.1165593864862,8
89.6159683970036,345.75741244573146,8
90.37434612726793,345.45565248816274,8
91.14385208452586,345.2008912463207,8
91.92015339527279,344.98012410406955,8
92.70163728494663,344.7892521172762,8
93.48765738413204,344.6293579293415,8
94.27671037451364,344.4947314225137,8
95.0677478669677,344.37948078871705,8
95.8602537609404,344.27987847221084,8
96.65457984094974,344.20501424884424,8
97.44952499866486,344.14175629243255,8
98.24512654310092,344.0908041894436,8
99.04132750292774,344.05702100065537,8
99.83769133780152,344.027902955655,8
100.63439672556706,344.0176031112205,8
101.43112165702041,344.00838019838557,8
102.22790802514646,344.0108749787323,8
103.02469730202574,344.0139247812331,8
103.82148319983389,344.0195200438611,8
104.61826703173574,344.02667314349674,8
105.41505086061079,344.03382631973363,8
106.21182553493418,344.04324054159224,8
107.00859851157293,344.0530734350905,8
107.80537148704752,344.06290640262887,8
108.60213556094095,344.07424246286973,8
109.39889677299652,344.08606172702275,8
110.19565798086114,344.0978810666129,8
110.99241323885508,344.11050653411075,8
111.7891623286996,344.1239678841084,8
112.58591141656507,344.13742931117304,8
113.38265816983767,344.1511602913961,8
114.17939417029265,344.1661354540847,8
114.97613016422838,344.181110692909,8
115.77286615374032,344.1960860067047,8
116.56958737922832,344.21255540661514,8
117.36630781774875,344.2291039216798,8
118.16302825172897,344.2456525126472,8
118.95972881745547,344.2639644809533,8
119.75642805697862,344.2823935209308,8
120.55311770481057,344.3015549306292,8
121.34978191449773,344.32265858282335,8
122.14643909374718,344.3441980909556,8
122.94302483054344,344.3701686616987,8
123.51543273788411,344.3827215300407,8
124.31199658534024,344.4098174115643,8
125.10864534170832,344.43162267818116,8
125.90538412495516,344.44517704006284,8
126.70216633134987,344.4488230100833,9
127.49888162163552,344.4386927606538,9
128.29527953022625,344.4116055937484,9
129.09104045736603,344.36593729280867,9
129.88562932494096,344.2972426156048,9
130.67803308274597,344.1980802153703,9
131.46595015423372,344.05488018505275,9
132.2442341557471,343.84583836537786,9
133.0107040234143,343.5772421488073,9
133.7683738345513,343.2724967643153,9
134.51598413393367,342.931475014193,9
135.25155104510486,342.5520667482633,9
135.97189396736212,342.1298093344085,9
136.67176240775734,341.6570761827752,9
137.33637844701298,341.11151772225276,9
137.9395334086148,340.4651327757165,9
138.3523848373443,339.62462075287476,9
138.58215718809515,338.6736977340188,9
138.71580248884857,337.6925961340312,9
138.79099075647537,336.7010731580667,9
138.82758600777015,335.7058373049367,9
138.83676710492,334.7094412744045,9
138.82538746169303,333.712960120989,9
138.7981553177815,332.71686783013865,9
138.75894453085493,331.72133123665117,9
138.72036280843895,330.72574729449116,9
138.6904494749615,329.7297324985266,9
138.66415818431415,328.7335729994811,9
138.6381228172686,327.7374040943105,9
138.60989717382472,326.74131982936524,9
138.5778446965851,325.7454045373015,9
138.54060953529552,324.7497558700852,9
138.49689270812087,323.7544921073131,9
138.44411613291595,322.75986391538754,9
138.37836060486734,321.76640228088945,9
138.29893469368108,320.774489995325,9
138.20173527579755,319.7850452577695,9
138.08779523603152,318.7982652056962,9
137.95693976886105,317.81464195693843,9
137.81455870345235,316.8335238394793,9
137.66683517873753,315.85357912257314,9
137.50559708592482,314.8769111994188,9
137.34128482476808,313.9010579944588,9
137.16704830294475,312.9278349352535,9
136.98830064653885,311.9559062481858,9
136.80112948594615,310.98639451153576,9
136.6083405384561,310.01862239814363,9
136.40751006337814,309.0533404534217,9
136.19962972658686,308.09041792247444,9
135.98359742376488,307.13022365258075,9
135.75787459977437,306.1735539706424,9
135.52408477594145,305.2198183699511,9
135.27514929976314,304.27212997851893,9
135.01961156609468,303.3270776665304,9
134.74217563215643,302.3916732715443,9
134.46284720138647,301.4571321865078,9
134.17083999782335,300.52861639880575,9
133.87883273221087,299.6001006225124,9
133.5796751343878,298.67513869074173,9
133.27878153242636,297.75103956856765,9
132.97603401064407,296.82789028435946,9
132.66850088932551,295.90719289006665,9
132.3609677014174,294.98649550345726,9
132.05018839857075,294.0675007312093,9
131.7371207709657,293.1497061951086,9
131.42405307746958,292.2319116727449,9
131.10674914414994,291.31638466124423,9
130.78855605528224,290.4013335665222,9
130.46983761934098,289.4865692271851,9
130.14634938782547,288.5744086257182,9
129.8228610906517,287.66224803449586,9
129.4962629720103,286.7518216893077,9
129.16661132499576,285.8430981922429,9
128.83578609139659,284.93504674057476,9
128.4979053864954,284.03103568358347,9
128.15854296914767,283.1279065993149,9
127.80757861514576,282.2316836344544,9
127.44731399172451,281.34131158841774,9
127.07833212777041,280.4564236726146,9
126.70172989135608,279.5765580171719,9
126.32402429636568,278.69741951068863,9
125.94249523419421,277.820862113731,9
125.5595452208072,276.945263935253,9
125.17575013509486,276.07024523150176,9
124.78886406251695,275.1973461462185,9
124.401977913687,274.32444707560353,9
124.01347157417331,273.45267317444086,9
123.62308173230849,272.58220731071196,9
123.23269181419164,271.7117414625827,9
122.84012043452822,270.8428089641966,9
122.44612059695646,269.97488051536493,9
122.05212067835964,269.10695208702236,9
121.65483765571844,268.2413622341119,9
121.25658697343897,267.37646162346937,9
120.85777245368809,266.51196940406226,9
120.45380615862086,265.6512089369353,9
120.04983978508972,264.7904484907631,9
119.63947150250897,263.9344407734461,9
119.226552285254,263.0803268288728,9
118.800468377769,262.23642620723695,9
118.36589412076864,261.39927470870316,9
117.92338516423479,260.5685867315624,9
117.48387602390721,259.73542193649337,9
117.0452614610549,258.9015184924938,9
116.60715401603375,258.06719993497245,9
116.16993718093727,257.2321523821447,9
115.73272026015911,256.39710485213436,9
115.29567283636425,255.56191897694953,9
114.8589635285316,254.72645718138665,9
114.42225413338747,253.8909954081755,9
113.98554465523921,253.0555336594116,9
113.54884073371068,252.22006733412854,9
113.1121373885544,251.38460048940033,9
112.67543396062683,250.54913366632536,9
112.23862487939186,249.71375298663042,9
111.80150978080928,248.87862189952284,9
111.364394599339,248.04349083430134,9
110.92727933288552,247.20835979492404,9
110.48959060455672,246.37369754095562,9
110.05156541930046,245.5393103088718,9
109.61354015173856,244.70492309867404,9
109.17512585932855,243.87085526250303,9
108.7353878649883,243.03787425230257,9
108.29564978252165,242.20489326352254,9
107.85502713837195,241.3726446905639,9
107.41186353215016,240.54250011290424,9
106.96869983780198,239.71235555806197,9
106.51728188886773,238.8891849941574,9
106.26093249651603,238.40417570224963,9
105.83221094775945,237.5622991109267,9
105.41706630727276,236.70986702246591,9
105.00611575576477,235.85428974870592,10
104.59833962342236,234.9963319466915,10
104.19429948250763,234.13563235243782,10
103.7920792743098,233.27359711681493,10
103.39241053699516,232.4097231081687,10
102.9954653175082,231.54388634231873,10
102.59925105492584,230.6775325667113,10
102.20816679531708,229.80755053972825,10
101.81708245235495,228.93756852997467,10
101.43126503366511,228.06394387059845,10
101.04752405779436,227.18888310086913,10
100.66771274607163,226.3111850428395,10
100.29423716850579,225.429234940093,10
99.92471120296977,224.54475296125747,10
99.5674989145482,223.65237742383033,10
99.22321669419762,222.75237709004432,10
98.89784968632739,221.84128381777555,10
98.60404649854172,220.91364627005532,10
98.31435014435556,219.98400612780824,10
98.01976975775324,219.0567729435861,10
97.70767752244137,218.13855966972187,10
97.367969659972,217.23577774339356,10
96.99771733244415,216.35185326845385,10
96.60096235654783,215.4859636425972,10
96.18482286611106,214.63435799931176,10
95.75594739837106,213.79265865846537,10
95.3200723300688,212.95652333158068,10
94.87935922574252,212.12434482667595,10
94.43855075212196,211.29224507370964,10
93.99763291422278,210.46023564622737,10
93.55662422417663,209.6283012945205,10
93.11547343526036,208.7964843972586,10
92.67430177296046,207.9646847276017,10
92.23286949435715,207.1331006984692,10
91.79143713030498,206.30151669075713,10
91.34978467575274,205.47011497570202,10
90.907996387803,204.63882574415766,10
90.46614954888355,203.80758504057303,10
90.023890376091,202.97668635845184,10
89.58163112017792,202.14578769844957,10
89.13891676452477,201.31526723806746,10
88.6959997753147,200.48491514637135,10
88.25266518699937,199.65491102496162,10
87.80875961575657,198.8253827036824,10
87.364163464983,197.996432361193,10
86.9185988084646,197.1682926225476,10
86.47042437351774,196.34235536726192,10
86.0222499385709,195.51641811290756,10
85.57407550374046,194.6904808585532,10
84.96711454063188,193.4822000581771,11
84.53360652609263,192.6441416013986,11
84.10450766712893,191.80254925065674,11
83.67540872422978,190.96095692296512,11
83.24632278282661,190.11935424781404,11
82.81922461290378,189.27617639070377,11
82.39212635939475,188.43299855431542,11
81.96502802416217,187.58982074260712,11
81.53813725244254,186.7464790865779,11
81.11155599367339,185.90289314533584,11
80.68497464922257,185.0593072262127,11
80.25839322293177,184.21572132781148,11
79.83155877573881,183.37233505561016,11
79.40443753788713,182.529175063828,11
78.97731621388812,181.68601509346627,11
78.55019480607007,180.84285514452495,11
78.12245956528932,180.0001812421251,11
77.69378010730725,179.15825501293875,11
77.26510056492407,178.31632880540565,11
76.83642093883827,177.47440262092277,11
76.40671280608512,176.63329678261653,11
75.97519895923324,175.79363123560324,11
75.54368502774742,174.95396571070887,11
75.112171009765,174.11430020653643,11
74.67795185779687,173.27681983285584,11
74.24161637015641,172.44104895950295,11
73.80528079811484,171.6052781085018,11
73.36744589649606,170.77074544294737,11
72.92249426292256,169.94209013856016,11
72.47754254343454,169.11343485838734,11
72.0296331649879,168.28728819056414,11
71.57703798252624,167.46511593135074,11
71.12444271810818,166.6429436954204,11
70.67087894922588,165.82160496967845,11
70.21700309531298,165.00053479941562,11
69.76312715455424,164.17946465010755,11
69.30820503341965,163.3592987563461,11
68.85298161173705,162.5393932510633,11
68.39775810297579,161.7194877716247,11
67.9417230298277,160.9002870337572,11
67.48499278340023,160.08168996102177,11
67.02826244977769,159.26309291343205,11
66.57129567314405,158.44470225088298,11
66.11280486104079,157.62764217075892,11
65.65431396383792,156.81058211694472,11
65.19582297932357,155.9935220866464,11
64.7359342572745,155.1776901828125,11
64.27530832448974,154.36250600684434,11
63.81468230416067,153.5473218562547,11
63.35354250774253,152.73259268119,11
62.89023068093229,151.91978713218123,11
62.426918763900176,151.1069816078525,11
61.96360676106997,150.29417611006647,11
61.49735463608522,149.48400111566298,11
61.03052261809353,148.67434490658343,11
60.56369051174261,147.8646887235809,11
60.09356884774752,147.0580163570121,11
59.62188472202979,146.2527612093836,11
59.15020050492603,145.44750608713366,11
58.67271531291772,144.6476175400894,11
58.19387458416168,143.84898298070766,11
57.716718082199804,143.04878523852676,11
57.2430730429478,142.24532846943475,11
56.76942791452166,141.44187172758393,11
56.31119927810505,140.6245985943824,11
55.85374969453551,139.80662721884437,11
55.4011235217331,138.9845276544802,11
54.95555657171644,138.15638636355288,11
54.50998953811359,137.3282450963743,11
54.07098405773286,136.49467549170367,11
53.634205154143274,135.65926381992176,11
53.19765099918004,134.82367076259106,11
52.76727312011644,133.98309426009655,11
52.33689515932929,133.14251778135076,11
51.90798033296596,132.3007815477904,11
51.48199735651724,131.45672143693082,11
51.0560142963659,130.612661347026,11
50.631797318928875,129.7672172866296,11
50.20833070715889,128.92118518357165,11
49.78496579872444,128.07507373974659,11
49.36199864221271,127.22865211847238,11
48.939031400252134,126.38223051931709,11
48.51421580731403,125.53725376795046,11
48.089196430752054,124.69243627367541,11
47.65909779246431,123.85164213273674,11
47.226803151657805,123.01261634007096,11
46.78542978211772,122.1809786555823,11
46.337520312168635,121.35484277107753,11
45.883490848122165,120.5339259612374,11
45.42278849694412,119.71880721161142,11
44.954491536016576,118.91047049337067,11
44.48168329172768,118.10624987212941,11
44.00589640857652,117.30477174930274,11
43.52960647654254,116.50375774782151,11
43.05622195499018,115.70006559439935,11
42.58987167477608,114.88999547250569,11
42.0367157565197,113.82043798384257,12
41.592388505581766,112.99125688243657,12
41.14806116872933,112.16207580571063,12
40.706603770609945,111.33050708496012,12
40.265153642510995,110.49893226660788,12
39.823703429312445,109.66735747433268,12
39.3822531303158,108.83578270254657,12
38.94138528732583,108.00372618134134,12
38.500661644968204,107.17155035282485,12
38.059937919839285,106.33937454852276,12
37.61921410670038,105.50719876820222,12
37.178490208112635,104.6750230116304,12
36.737766224192455,103.84284727694467,12
36.297303193365224,103.01045603933744,12
35.856854538898915,102.17805287940428,12
35.41640580142848,101.34564974624664,12
34.97595697804354,100.51324663218111,12
34.535508069559,99.6808435425628,12
34.09505907341372,98.84844047669321,12
33.654609994147904,98.01603743294254,12
33.21424180781469,97.1835675900802,12
32.77387596736662,96.35109576559626,12
32.33351003949065,95.51862396509387,12
31.89314402837772,94.68615218717605,12
31.452777929371223,93.85368043067865,12
31.012411745265126,93.02120869839564,12
30.572045477922074,92.1887369886972,12
30.13166009716224,91.35628100228496,12
29.69124690524768,90.52384791290388,12
29.25083363056183,89.69141484890133,12
28.810420268098824,88.85898180655204,12
28.370006820070557,88.0265487881843,12
27.92959328915458,87.19411579077132,12
27.48917967057787,86.36168281943537,12
27.04876596853137,85.52924986812286,12
26.60820607165806,84.69693754357286,12
26.16760754934512,83.86465705721639,12
25.727008939138614,83.03237659134902,12
25.28641024569515,82.20009614853188,12
24.845811467035674,81.36781573155895,12
24.405212600599043,80.53553533437662,12
23.964613650925457,79.70325496234,12
23.52374850702472,78.87119448068552,12
23.082745637511835,78.03924774262123,12
22.641742684994824,77.20730102784,12
22.200739647028968,76.37535433564335,12
21.759736520936713,75.54340766882524,12
21.318733309861273,74.71146102249622,12
20.877232414553873,73.87992642563768,12
20.435317467781715,73.04873462347314,12
19.99340243532788,72.21754284342751,12
19.55148731986992,71.38635108573362,12
19.109572116518393,70.55515935225412,12
18.664729035808705,69.7264074163977,12
18.219847293104976,68.89768764819019,12
17.99947927496396,68.48345785075799,13
17.555304273730144,67.65414688875899,13
17.110998382908292,66.82494525844231,13
16.666501294937916,65.99590344773605,13
16.221867783460766,65.16697568167001,13
15.77687857602723,64.33834565570578,13
15.331768730888143,63.50981670874171,13
14.886310602771118,62.68157968693413,13
14.44062095216941,61.853537048213184,13
13.994558430626057,61.02580749569461,13
13.548112806514837,60.198400374501944,13
13.101236598566175,59.37135564722121,13
12.653678301721811,58.54488687124103,13
12.205653415760025,57.71881206682883,13
11.756178290117532,56.8939677067101,13
11.306664107367396,56.069156150566414,13
10.857812065281905,55.24378197058104,13
10.411093305330724,54.4166063843295,13
9.965166003908962,53.58876288169995,13
9.520477249170654,52.75988061632961,13
9.07582507294137,51.930967699503526,13
8.631298114778474,51.10194997442886,13
8.186552603379823,50.273115235148,13
7.7412374371197075,49.44475752371363,13
7.295536138117313,48.61672443524003,13
6.848582306411117,47.78974445699714,13
6.401318388059735,46.96302691870369,13
5.951904360554181,46.13812939939089,13
5.502490241662599,45.31323190452531,13
5.049856888828799,44.49108535074629,13
4.597133884788491,43.669015352614224,13
4.1410174673656,42.84988123946823,13
3.6840569543419406,42.03147737123072,13
3.2237330853240564,41.21602924284525,13
2.7614682517014444,40.40228682011366,13
2.2953486322658136,39.59200533013791,13
1.8253289088606834,38.78522545401938,13
1.3498265038942918,37.9835462027695,13
0.8659242509165779,37.18968149344437,13
0.37604511389508843,36.40169616276398,13
-0.12780273472890258,35.62745174346492,13
-0.6361992796882987,34.858026672154665,13
-1.1646764813922346,34.109877278795466,13
-1.6937451042467728,33.36241256445646,13
-2.249742438434623,32.64612590242177,13
-2.8057398688979447,31.929839276708663,13
-3.383949786424637,31.241941053420305,13
-3.9684493097011,30.562081126263365,13
-4.56476062501315,29.898984007770196,13
-5.177032489096746,29.258537475718185,13
-5.789304446079768,28.618090987205505,13
-6.425392376258969,28.015263746492565,13
-7.06342085020151,27.41550166415982,13
-7.706990566570312,26.82547669345513,13
-8.367986418306828,26.26607330213301,13
-9.028982358053327,25.706669960869476,13
-9.696698404266499,25.160368231590837,13
-10.377567821065895,24.639710620045662,13
-11.058437326573767,24.119053062517196,13
